ContentId,ContentType,ContentCategory,ReactionType,Date_Time,Sentiment,Score,,,,Top 5 catgories,,
97522e57-d9ab-4bd6-97bf-c24d952602d2,photo,Studying,disgust,11/7/2020 9:43,negative,0,,,,ContentCategory,Score,
97522e57-d9ab-4bd6-97bf-c24d952602d2,photo,Studying,dislike,6/17/2021 12:22,negative,10,,,,Animals,74965,
97522e57-d9ab-4bd6-97bf-c24d952602d2,photo,Studying,scared,4/18/2021 5:13,negative,15,,,,science,71168,
97522e57-d9ab-4bd6-97bf-c24d952602d2,photo,Studying,disgust,1/6/2021 19:13,negative,0,,,,healthy eating,69339,
97522e57-d9ab-4bd6-97bf-c24d952602d2,photo,Studying,interested,8/23/2020 12:25,positive,30,,,,technology,68738,
97522e57-d9ab-4bd6-97bf-c24d952602d2,photo,Studying,peeking,12/7/2020 6:27,neutral,35,,,,food,66676,
97522e57-d9ab-4bd6-97bf-c24d952602d2,photo,Studying,cherish,4/11/2021 17:35,positive,70,,,,,,
97522e57-d9ab-4bd6-97bf-c24d952602d2,photo,Studying,hate,1/27/2021 8:32,negative,5,,,,,,
97522e57-d9ab-4bd6-97bf-c24d952602d2,photo,Studying,peeking,4/1/2021 22:54,neutral,35,,,,,,
97522e57-d9ab-4bd6-97bf-c24d952602d2,photo,Studying,love,8/4/2020 5:05,positive,65,,,,,,
97522e57-d9ab-4bd6-97bf-c24d952602d2,photo,Studying,indifferent,11/7/2020 8:36,neutral,20,,,,,,
97522e57-d9ab-4bd6-97bf-c24d952602d2,photo,Studying,scared,11/2/2020 6:28,negative,15,,,,,,
97522e57-d9ab-4bd6-97bf-c24d952602d2,photo,Studying,interested,11/1/2020 1:16,positive,30,,,,,,
97522e57-d9ab-4bd6-97bf-c24d952602d2,photo,Studying,hate,10/7/2020 18:39,negative,5,,,,,,
97522e57-d9ab-4bd6-97bf-c24d952602d2,photo,Studying,scared,9/3/2020 18:51,negative,15,,,,,,
97522e57-d9ab-4bd6-97bf-c24d952602d2,photo,Studying,super love,2/24/2021 5:09,positive,75,,,,,,
97522e57-d9ab-4bd6-97bf-c24d952602d2,photo,Studying,peeking,9/23/2020 6:24,neutral,35,,,,,,
97522e57-d9ab-4bd6-97bf-c24d952602d2,photo,Studying,indifferent,2/24/2021 11:37,neutral,20,,,,,,
97522e57-d9ab-4bd6-97bf-c24d952602d2,photo,Studying,interested,5/22/2021 19:44,positive,30,,,,,,
97522e57-d9ab-4bd6-97bf-c24d952602d2,photo,Studying,intrigued,1/31/2021 16:03,positive,45,,,,,,
97522e57-d9ab-4bd6-97bf-c24d952602d2,photo,Studying,peeking,11/20/2020 17:26,neutral,35,,,,,,
97522e57-d9ab-4bd6-97bf-c24d952602d2,photo,Studying,worried,4/11/2021 20:47,negative,12,,,,,,
97522e57-d9ab-4bd6-97bf-c24d952602d2,photo,Studying,like,6/13/2021 16:46,positive,50,,,,,,
97522e57-d9ab-4bd6-97bf-c24d952602d2,photo,Studying,heart,4/11/2021 14:29,positive,60,,,,,,
97522e57-d9ab-4bd6-97bf-c24d952602d2,photo,Studying,worried,3/2/2021 19:21,negative,12,,,,,,
97522e57-d9ab-4bd6-97bf-c24d952602d2,photo,Studying,hate,6/27/2020 18:44,negative,5,,,,,,
97522e57-d9ab-4bd6-97bf-c24d952602d2,photo,Studying,hate,5/9/2021 21:05,negative,5,,,,,,
97522e57-d9ab-4bd6-97bf-c24d952602d2,photo,Studying,cherish,8/4/2020 23:58,positive,70,,,,,,
97522e57-d9ab-4bd6-97bf-c24d952602d2,photo,Studying,super love,8/28/2020 3:57,positive,75,,,,,,
97522e57-d9ab-4bd6-97bf-c24d952602d2,photo,Studying,intrigued,8/25/2020 8:21,positive,45,,,,,,
97522e57-d9ab-4bd6-97bf-c24d952602d2,photo,Studying,scared,4/20/2021 23:48,negative,15,,,,,,
97522e57-d9ab-4bd6-97bf-c24d952602d2,photo,Studying,interested,3/7/2021 12:40,positive,30,,,,,,
97522e57-d9ab-4bd6-97bf-c24d952602d2,photo,Studying,indifferent,5/24/2021 3:21,neutral,20,,,,,,
97522e57-d9ab-4bd6-97bf-c24d952602d2,photo,Studying,super love,1/24/2021 11:03,positive,75,,,,,,
97522e57-d9ab-4bd6-97bf-c24d952602d2,photo,Studying,disgust,4/9/2021 2:46,negative,0,,,,,,
97522e57-d9ab-4bd6-97bf-c24d952602d2,photo,Studying,super love,2/2/2021 3:43,positive,75,,,,,,
97522e57-d9ab-4bd6-97bf-c24d952602d2,photo,Studying,interested,2/4/2021 3:06,positive,30,,,,,,
97522e57-d9ab-4bd6-97bf-c24d952602d2,photo,Studying,dislike,11/9/2020 2:49,negative,10,,,,,,
97522e57-d9ab-4bd6-97bf-c24d952602d2,photo,Studying,scared,9/29/2020 16:00,negative,15,,,,,,
97522e57-d9ab-4bd6-97bf-c24d952602d2,photo,Studying,dislike,11/29/2020 21:33,negative,10,,,,,,
97522e57-d9ab-4bd6-97bf-c24d952602d2,photo,Studying,want,2/13/2021 7:54,positive,70,,,,,,
97522e57-d9ab-4bd6-97bf-c24d952602d2,photo,Studying,interested,7/14/2020 5:28,positive,30,,,,,,
97522e57-d9ab-4bd6-97bf-c24d952602d2,photo,Studying,indifferent,8/23/2020 10:30,neutral,20,,,,,,
97522e57-d9ab-4bd6-97bf-c24d952602d2,photo,Studying,worried,5/10/2021 9:27,negative,12,,,,,,
97522e57-d9ab-4bd6-97bf-c24d952602d2,photo,Studying,hate,3/15/2021 3:59,negative,5,,,,,,
9f737e0a-3cdd-4d29-9d24-753f4e3be810,photo,healthy eating,dislike,6/25/2020 17:01,negative,10,,,,,,
9f737e0a-3cdd-4d29-9d24-753f4e3be810,photo,healthy eating,intrigued,9/13/2020 0:11,positive,45,,,,,,
9f737e0a-3cdd-4d29-9d24-753f4e3be810,photo,healthy eating,peeking,8/20/2020 18:17,neutral,35,,,,,,
9f737e0a-3cdd-4d29-9d24-753f4e3be810,photo,healthy eating,scared,2/11/2021 4:53,negative,15,,,,,,
9f737e0a-3cdd-4d29-9d24-753f4e3be810,photo,healthy eating,hate,3/8/2021 10:40,negative,5,,,,,,
9f737e0a-3cdd-4d29-9d24-753f4e3be810,photo,healthy eating,disgust,3/28/2021 21:15,negative,0,,,,,,
9f737e0a-3cdd-4d29-9d24-753f4e3be810,photo,healthy eating,hate,5/25/2021 1:00,negative,5,,,,,,
9f737e0a-3cdd-4d29-9d24-753f4e3be810,photo,healthy eating,like,3/15/2021 12:17,positive,50,,,,,,
9f737e0a-3cdd-4d29-9d24-753f4e3be810,photo,healthy eating,love,5/5/2021 16:26,positive,65,,,,,,
9f737e0a-3cdd-4d29-9d24-753f4e3be810,photo,healthy eating,love,8/31/2020 0:21,positive,65,,,,,,
9f737e0a-3cdd-4d29-9d24-753f4e3be810,photo,healthy eating,heart,6/16/2021 3:02,positive,60,,,,,,
9f737e0a-3cdd-4d29-9d24-753f4e3be810,photo,healthy eating,indifferent,7/7/2020 10:52,neutral,20,,,,,,
9f737e0a-3cdd-4d29-9d24-753f4e3be810,photo,healthy eating,peeking,8/20/2020 7:59,neutral,35,,,,,,
9f737e0a-3cdd-4d29-9d24-753f4e3be810,photo,healthy eating,love,9/23/2020 11:15,positive,65,,,,,,
9f737e0a-3cdd-4d29-9d24-753f4e3be810,photo,healthy eating,like,3/24/2021 5:56,positive,50,,,,,,
230c4e4d-70c3-461d-b42c-ec09396efb3f,photo,healthy eating,hate,12/7/2020 19:13,negative,5,,,,,,
230c4e4d-70c3-461d-b42c-ec09396efb3f,photo,healthy eating,super love,8/3/2020 16:41,positive,75,,,,,,
230c4e4d-70c3-461d-b42c-ec09396efb3f,photo,healthy eating,adore,1/10/2021 15:36,positive,72,,,,,,
230c4e4d-70c3-461d-b42c-ec09396efb3f,photo,healthy eating,scared,9/20/2020 8:48,negative,15,,,,,,
230c4e4d-70c3-461d-b42c-ec09396efb3f,photo,healthy eating,cherish,7/20/2020 14:06,positive,70,,,,,,
230c4e4d-70c3-461d-b42c-ec09396efb3f,photo,healthy eating,adore,10/24/2020 12:15,positive,72,,,,,,
230c4e4d-70c3-461d-b42c-ec09396efb3f,photo,healthy eating,interested,6/6/2021 1:27,positive,30,,,,,,
230c4e4d-70c3-461d-b42c-ec09396efb3f,photo,healthy eating,heart,12/25/2020 0:09,positive,60,,,,,,
230c4e4d-70c3-461d-b42c-ec09396efb3f,photo,healthy eating,like,6/14/2021 7:56,positive,50,,,,,,
230c4e4d-70c3-461d-b42c-ec09396efb3f,photo,healthy eating,like,6/5/2021 18:00,positive,50,,,,,,
230c4e4d-70c3-461d-b42c-ec09396efb3f,photo,healthy eating,hate,11/18/2020 23:37,negative,5,,,,,,
230c4e4d-70c3-461d-b42c-ec09396efb3f,photo,healthy eating,interested,5/9/2021 2:42,positive,30,,,,,,
230c4e4d-70c3-461d-b42c-ec09396efb3f,photo,healthy eating,dislike,5/11/2021 8:38,negative,10,,,,,,
230c4e4d-70c3-461d-b42c-ec09396efb3f,photo,healthy eating,peeking,11/12/2020 8:00,neutral,35,,,,,,
230c4e4d-70c3-461d-b42c-ec09396efb3f,photo,healthy eating,heart,6/21/2020 16:57,positive,60,,,,,,
230c4e4d-70c3-461d-b42c-ec09396efb3f,photo,healthy eating,super love,3/4/2021 23:58,positive,75,,,,,,
230c4e4d-70c3-461d-b42c-ec09396efb3f,photo,healthy eating,want,7/9/2020 16:47,positive,70,,,,,,
230c4e4d-70c3-461d-b42c-ec09396efb3f,photo,healthy eating,hate,8/1/2020 19:16,negative,5,,,,,,
230c4e4d-70c3-461d-b42c-ec09396efb3f,photo,healthy eating,dislike,11/23/2020 22:46,negative,10,,,,,,
230c4e4d-70c3-461d-b42c-ec09396efb3f,photo,healthy eating,scared,12/11/2020 14:08,negative,15,,,,,,
230c4e4d-70c3-461d-b42c-ec09396efb3f,photo,healthy eating,dislike,4/23/2021 23:41,negative,10,,,,,,
230c4e4d-70c3-461d-b42c-ec09396efb3f,photo,healthy eating,want,11/13/2020 0:33,positive,70,,,,,,
230c4e4d-70c3-461d-b42c-ec09396efb3f,photo,healthy eating,interested,6/9/2021 10:13,positive,30,,,,,,
230c4e4d-70c3-461d-b42c-ec09396efb3f,photo,healthy eating,love,10/29/2020 19:41,positive,65,,,,,,
230c4e4d-70c3-461d-b42c-ec09396efb3f,photo,healthy eating,heart,5/14/2021 12:47,positive,60,,,,,,
230c4e4d-70c3-461d-b42c-ec09396efb3f,photo,healthy eating,disgust,8/4/2020 5:40,negative,0,,,,,,
230c4e4d-70c3-461d-b42c-ec09396efb3f,photo,healthy eating,adore,8/7/2020 4:09,positive,72,,,,,,
230c4e4d-70c3-461d-b42c-ec09396efb3f,photo,healthy eating,adore,10/23/2020 21:19,positive,72,,,,,,
230c4e4d-70c3-461d-b42c-ec09396efb3f,photo,healthy eating,adore,11/14/2020 23:53,positive,72,,,,,,
230c4e4d-70c3-461d-b42c-ec09396efb3f,photo,healthy eating,worried,8/4/2020 19:26,negative,12,,,,,,
230c4e4d-70c3-461d-b42c-ec09396efb3f,photo,healthy eating,interested,11/12/2020 4:54,positive,30,,,,,,
356fff80-da4d-4785-9f43-bc1261031dc6,photo,technology,worried,4/3/2021 12:17,negative,12,,,,,,
356fff80-da4d-4785-9f43-bc1261031dc6,photo,technology,want,9/27/2020 22:15,positive,70,,,,,,
356fff80-da4d-4785-9f43-bc1261031dc6,photo,technology,heart,10/27/2020 5:45,positive,60,,,,,,
356fff80-da4d-4785-9f43-bc1261031dc6,photo,technology,scared,10/15/2020 9:11,negative,15,,,,,,
356fff80-da4d-4785-9f43-bc1261031dc6,photo,technology,heart,5/7/2021 9:16,positive,60,,,,,,
356fff80-da4d-4785-9f43-bc1261031dc6,photo,technology,hate,9/16/2020 8:39,negative,5,,,,,,
356fff80-da4d-4785-9f43-bc1261031dc6,photo,technology,indifferent,10/29/2020 15:38,neutral,20,,,,,,
01ab84dd-6364-4236-abbb-3f237db77180,video,food,scared,5/24/2021 18:03,negative,15,,,,,,
cf1e8c1a-23eb-4426-9f58-002fb1b53e91,GIF,cooking,interested,2/25/2021 20:02,positive,30,,,,,,
cf1e8c1a-23eb-4426-9f58-002fb1b53e91,GIF,cooking,hate,5/2/2021 3:45,negative,5,,,,,,
cf1e8c1a-23eb-4426-9f58-002fb1b53e91,GIF,cooking,want,1/28/2021 8:49,positive,70,,,,,,
cf1e8c1a-23eb-4426-9f58-002fb1b53e91,GIF,cooking,peeking,2/15/2021 13:06,neutral,35,,,,,,
cf1e8c1a-23eb-4426-9f58-002fb1b53e91,GIF,cooking,dislike,11/4/2020 21:25,negative,10,,,,,,
cf1e8c1a-23eb-4426-9f58-002fb1b53e91,GIF,cooking,love,6/23/2020 22:12,positive,65,,,,,,
cf1e8c1a-23eb-4426-9f58-002fb1b53e91,GIF,cooking,cherish,2/16/2021 4:01,positive,70,,,,,,
cf1e8c1a-23eb-4426-9f58-002fb1b53e91,GIF,cooking,interested,1/3/2021 8:44,positive,30,,,,,,
cf1e8c1a-23eb-4426-9f58-002fb1b53e91,GIF,cooking,adore,11/25/2020 12:45,positive,72,,,,,,
cf1e8c1a-23eb-4426-9f58-002fb1b53e91,GIF,cooking,like,12/3/2020 16:47,positive,50,,,,,,
cf1e8c1a-23eb-4426-9f58-002fb1b53e91,GIF,cooking,like,5/22/2021 21:03,positive,50,,,,,,
cf1e8c1a-23eb-4426-9f58-002fb1b53e91,GIF,cooking,cherish,1/18/2021 13:39,positive,70,,,,,,
cf1e8c1a-23eb-4426-9f58-002fb1b53e91,GIF,cooking,indifferent,1/6/2021 0:35,neutral,20,,,,,,
cf1e8c1a-23eb-4426-9f58-002fb1b53e91,GIF,cooking,adore,5/14/2021 14:33,positive,72,,,,,,
cf1e8c1a-23eb-4426-9f58-002fb1b53e91,GIF,cooking,worried,5/27/2021 15:21,negative,12,,,,,,
cf1e8c1a-23eb-4426-9f58-002fb1b53e91,GIF,cooking,peeking,7/21/2020 2:12,neutral,35,,,,,,
cf1e8c1a-23eb-4426-9f58-002fb1b53e91,GIF,cooking,dislike,5/26/2021 6:09,negative,10,,,,,,
cf1e8c1a-23eb-4426-9f58-002fb1b53e91,GIF,cooking,dislike,2/25/2021 3:16,negative,10,,,,,,
cf1e8c1a-23eb-4426-9f58-002fb1b53e91,GIF,cooking,intrigued,12/7/2020 22:50,positive,45,,,,,,
cf1e8c1a-23eb-4426-9f58-002fb1b53e91,GIF,cooking,indifferent,10/24/2020 14:06,neutral,20,,,,,,
cf1e8c1a-23eb-4426-9f58-002fb1b53e91,GIF,cooking,peeking,9/1/2020 21:18,neutral,35,,,,,,
cf1e8c1a-23eb-4426-9f58-002fb1b53e91,GIF,cooking,adore,5/10/2021 22:07,positive,72,,,,,,
3f8590c7-6ab2-4973-805a-90cdec355f05,video,dogs,cherish,2/12/2021 16:37,positive,70,,,,,,
3f8590c7-6ab2-4973-805a-90cdec355f05,video,dogs,heart,4/28/2021 15:22,positive,60,,,,,,
3f8590c7-6ab2-4973-805a-90cdec355f05,video,dogs,intrigued,1/24/2021 0:38,positive,45,,,,,,
3f8590c7-6ab2-4973-805a-90cdec355f05,video,dogs,worried,3/18/2021 1:53,negative,12,,,,,,
3f8590c7-6ab2-4973-805a-90cdec355f05,video,dogs,disgust,1/14/2021 7:21,negative,0,,,,,,
3f8590c7-6ab2-4973-805a-90cdec355f05,video,dogs,heart,12/23/2020 4:11,positive,60,,,,,,
3f8590c7-6ab2-4973-805a-90cdec355f05,video,dogs,hate,5/21/2021 7:23,negative,5,,,,,,
3f8590c7-6ab2-4973-805a-90cdec355f05,video,dogs,like,3/28/2021 23:25,positive,50,,,,,,
3f8590c7-6ab2-4973-805a-90cdec355f05,video,dogs,peeking,9/16/2020 7:33,neutral,35,,,,,,
3f8590c7-6ab2-4973-805a-90cdec355f05,video,dogs,indifferent,11/8/2020 10:53,neutral,20,,,,,,
3f8590c7-6ab2-4973-805a-90cdec355f05,video,dogs,heart,3/6/2021 5:23,positive,60,,,,,,
3f8590c7-6ab2-4973-805a-90cdec355f05,video,dogs,disgust,1/13/2021 23:35,negative,0,,,,,,
3f8590c7-6ab2-4973-805a-90cdec355f05,video,dogs,want,9/6/2020 22:35,positive,70,,,,,,
3f8590c7-6ab2-4973-805a-90cdec355f05,video,dogs,interested,6/24/2020 9:31,positive,30,,,,,,
3f8590c7-6ab2-4973-805a-90cdec355f05,video,dogs,hate,2/7/2021 21:39,negative,5,,,,,,
3f8590c7-6ab2-4973-805a-90cdec355f05,video,dogs,intrigued,1/21/2021 18:28,positive,45,,,,,,
3f8590c7-6ab2-4973-805a-90cdec355f05,video,dogs,dislike,2/27/2021 0:21,negative,10,,,,,,
3f8590c7-6ab2-4973-805a-90cdec355f05,video,dogs,worried,8/22/2020 12:06,negative,12,,,,,,
3f8590c7-6ab2-4973-805a-90cdec355f05,video,dogs,cherish,8/3/2020 6:29,positive,70,,,,,,
3f8590c7-6ab2-4973-805a-90cdec355f05,video,dogs,scared,8/2/2020 6:20,negative,15,,,,,,
3f8590c7-6ab2-4973-805a-90cdec355f05,video,dogs,want,6/4/2021 4:57,positive,70,,,,,,
3f8590c7-6ab2-4973-805a-90cdec355f05,video,dogs,super love,10/21/2020 9:07,positive,75,,,,,,
3f8590c7-6ab2-4973-805a-90cdec355f05,video,dogs,dislike,12/26/2020 19:46,negative,10,,,,,,
3f8590c7-6ab2-4973-805a-90cdec355f05,video,dogs,scared,3/2/2021 22:47,negative,15,,,,,,
3f8590c7-6ab2-4973-805a-90cdec355f05,video,dogs,indifferent,3/31/2021 9:48,neutral,20,,,,,,
3f8590c7-6ab2-4973-805a-90cdec355f05,video,dogs,interested,6/14/2021 13:44,positive,30,,,,,,
3f8590c7-6ab2-4973-805a-90cdec355f05,video,dogs,scared,12/27/2020 17:04,negative,15,,,,,,
3f8590c7-6ab2-4973-805a-90cdec355f05,video,dogs,scared,2/11/2021 3:51,negative,15,,,,,,
3f8590c7-6ab2-4973-805a-90cdec355f05,video,dogs,interested,12/7/2020 19:07,positive,30,,,,,,
3f8590c7-6ab2-4973-805a-90cdec355f05,video,dogs,interested,12/28/2020 8:31,positive,30,,,,,,
3f8590c7-6ab2-4973-805a-90cdec355f05,video,dogs,interested,10/26/2020 5:27,positive,30,,,,,,
3f8590c7-6ab2-4973-805a-90cdec355f05,video,dogs,worried,9/26/2020 18:43,negative,12,,,,,,
3f8590c7-6ab2-4973-805a-90cdec355f05,video,dogs,scared,11/25/2020 13:01,negative,15,,,,,,
3f8590c7-6ab2-4973-805a-90cdec355f05,video,dogs,heart,7/11/2020 5:51,positive,60,,,,,,
3f8590c7-6ab2-4973-805a-90cdec355f05,video,dogs,heart,3/19/2021 16:23,positive,60,,,,,,
3f8590c7-6ab2-4973-805a-90cdec355f05,video,dogs,interested,10/11/2020 18:31,positive,30,,,,,,
3f8590c7-6ab2-4973-805a-90cdec355f05,video,dogs,heart,11/2/2020 20:15,positive,60,,,,,,
3f8590c7-6ab2-4973-805a-90cdec355f05,video,dogs,want,10/1/2020 3:35,positive,70,,,,,,
3f8590c7-6ab2-4973-805a-90cdec355f05,video,dogs,disgust,2/11/2021 20:10,negative,0,,,,,,
3f8590c7-6ab2-4973-805a-90cdec355f05,video,dogs,want,2/7/2021 15:59,positive,70,,,,,,
3f8590c7-6ab2-4973-805a-90cdec355f05,video,dogs,hate,10/17/2020 11:46,negative,5,,,,,,
3f8590c7-6ab2-4973-805a-90cdec355f05,video,dogs,like,8/9/2020 19:41,positive,50,,,,,,
3f8590c7-6ab2-4973-805a-90cdec355f05,video,dogs,love,2/1/2021 2:40,positive,65,,,,,,
3f8590c7-6ab2-4973-805a-90cdec355f05,video,dogs,adore,1/30/2021 9:36,positive,72,,,,,,
e5490118-90d5-4572-ab1c-1fbc87b8d9ca,video,technology,want,3/31/2021 15:24,positive,70,,,,,,
e5490118-90d5-4572-ab1c-1fbc87b8d9ca,video,technology,super love,2/5/2021 17:00,positive,75,,,,,,
e5490118-90d5-4572-ab1c-1fbc87b8d9ca,video,technology,heart,2/19/2021 16:29,positive,60,,,,,,
e5490118-90d5-4572-ab1c-1fbc87b8d9ca,video,technology,worried,7/25/2020 0:00,negative,12,,,,,,
0bedca96-fb76-4287-a83c-17330ed39cce,photo,soccer,adore,7/13/2020 2:38,positive,72,,,,,,
0bedca96-fb76-4287-a83c-17330ed39cce,photo,soccer,indifferent,1/13/2021 13:11,neutral,20,,,,,,
0bedca96-fb76-4287-a83c-17330ed39cce,photo,soccer,worried,1/2/2021 16:46,negative,12,,,,,,
0bedca96-fb76-4287-a83c-17330ed39cce,photo,soccer,intrigued,11/26/2020 2:25,positive,45,,,,,,
0bedca96-fb76-4287-a83c-17330ed39cce,photo,soccer,want,8/25/2020 19:18,positive,70,,,,,,
0bedca96-fb76-4287-a83c-17330ed39cce,photo,soccer,hate,2/1/2021 0:15,negative,5,,,,,,
0bedca96-fb76-4287-a83c-17330ed39cce,photo,soccer,love,6/4/2021 14:36,positive,65,,,,,,
0bedca96-fb76-4287-a83c-17330ed39cce,photo,soccer,adore,8/19/2020 13:38,positive,72,,,,,,
0bedca96-fb76-4287-a83c-17330ed39cce,photo,soccer,cherish,4/22/2021 2:08,positive,70,,,,,,
0bedca96-fb76-4287-a83c-17330ed39cce,photo,soccer,super love,6/26/2020 10:33,positive,75,,,,,,
0bedca96-fb76-4287-a83c-17330ed39cce,photo,soccer,like,8/15/2020 18:16,positive,50,,,,,,
0bedca96-fb76-4287-a83c-17330ed39cce,photo,soccer,love,11/26/2020 13:42,positive,65,,,,,,
b18cb63f-4c8e-44ee-a47f-541e95191d11,photo,public speaking,want,4/14/2021 0:56,positive,70,,,,,,
b18cb63f-4c8e-44ee-a47f-541e95191d11,photo,public speaking,indifferent,7/21/2020 21:27,neutral,20,,,,,,
b18cb63f-4c8e-44ee-a47f-541e95191d11,photo,public speaking,dislike,3/29/2021 6:57,negative,10,,,,,,
b18cb63f-4c8e-44ee-a47f-541e95191d11,photo,public speaking,want,5/20/2021 16:11,positive,70,,,,,,
b18cb63f-4c8e-44ee-a47f-541e95191d11,photo,public speaking,like,11/2/2020 6:09,positive,50,,,,,,
b18cb63f-4c8e-44ee-a47f-541e95191d11,photo,public speaking,indifferent,10/24/2020 15:37,neutral,20,,,,,,
b18cb63f-4c8e-44ee-a47f-541e95191d11,photo,public speaking,heart,9/7/2020 14:42,positive,60,,,,,,
b18cb63f-4c8e-44ee-a47f-541e95191d11,photo,public speaking,scared,3/4/2021 2:46,negative,15,,,,,,
b18cb63f-4c8e-44ee-a47f-541e95191d11,photo,public speaking,adore,1/7/2021 14:08,positive,72,,,,,,
b18cb63f-4c8e-44ee-a47f-541e95191d11,photo,public speaking,peeking,7/6/2020 11:18,neutral,35,,,,,,
b18cb63f-4c8e-44ee-a47f-541e95191d11,photo,public speaking,like,3/27/2021 4:56,positive,50,,,,,,
b18cb63f-4c8e-44ee-a47f-541e95191d11,photo,public speaking,intrigued,11/21/2020 21:25,positive,45,,,,,,
b18cb63f-4c8e-44ee-a47f-541e95191d11,photo,public speaking,cherish,8/22/2020 1:25,positive,70,,,,,,
b18cb63f-4c8e-44ee-a47f-541e95191d11,photo,public speaking,peeking,6/14/2021 11:45,neutral,35,,,,,,
b18cb63f-4c8e-44ee-a47f-541e95191d11,photo,public speaking,worried,7/15/2020 19:28,negative,12,,,,,,
b18cb63f-4c8e-44ee-a47f-541e95191d11,photo,public speaking,intrigued,3/21/2021 14:39,positive,45,,,,,,
b18cb63f-4c8e-44ee-a47f-541e95191d11,photo,public speaking,super love,4/7/2021 3:15,positive,75,,,,,,
b18cb63f-4c8e-44ee-a47f-541e95191d11,photo,public speaking,cherish,4/24/2021 6:56,positive,70,,,,,,
b18cb63f-4c8e-44ee-a47f-541e95191d11,photo,public speaking,heart,9/30/2020 14:05,positive,60,,,,,,
b18cb63f-4c8e-44ee-a47f-541e95191d11,photo,public speaking,heart,7/19/2020 19:28,positive,60,,,,,,
b18cb63f-4c8e-44ee-a47f-541e95191d11,photo,public speaking,scared,1/21/2021 7:08,negative,15,,,,,,
b18cb63f-4c8e-44ee-a47f-541e95191d11,photo,public speaking,scared,1/31/2021 13:48,negative,15,,,,,,
b18cb63f-4c8e-44ee-a47f-541e95191d11,photo,public speaking,hate,12/24/2020 3:24,negative,5,,,,,,
b18cb63f-4c8e-44ee-a47f-541e95191d11,photo,public speaking,disgust,5/27/2021 1:44,negative,0,,,,,,
b18cb63f-4c8e-44ee-a47f-541e95191d11,photo,public speaking,disgust,2/13/2021 4:14,negative,0,,,,,,
b18cb63f-4c8e-44ee-a47f-541e95191d11,photo,public speaking,adore,7/14/2020 4:36,positive,72,,,,,,
b18cb63f-4c8e-44ee-a47f-541e95191d11,photo,public speaking,dislike,7/15/2020 16:03,negative,10,,,,,,
b18cb63f-4c8e-44ee-a47f-541e95191d11,photo,public speaking,like,10/8/2020 17:23,positive,50,,,,,,
b18cb63f-4c8e-44ee-a47f-541e95191d11,photo,public speaking,heart,11/12/2020 23:55,positive,60,,,,,,
b18cb63f-4c8e-44ee-a47f-541e95191d11,photo,public speaking,want,2/21/2021 5:01,positive,70,,,,,,
b18cb63f-4c8e-44ee-a47f-541e95191d11,photo,public speaking,intrigued,7/9/2020 8:58,positive,45,,,,,,
b18cb63f-4c8e-44ee-a47f-541e95191d11,photo,public speaking,adore,6/26/2020 23:45,positive,72,,,,,,
b18cb63f-4c8e-44ee-a47f-541e95191d11,photo,public speaking,worried,11/20/2020 13:18,negative,12,,,,,,
b18cb63f-4c8e-44ee-a47f-541e95191d11,photo,public speaking,like,5/29/2021 21:34,positive,50,,,,,,
b18cb63f-4c8e-44ee-a47f-541e95191d11,photo,public speaking,indifferent,2/22/2021 2:48,neutral,20,,,,,,
b18cb63f-4c8e-44ee-a47f-541e95191d11,photo,public speaking,scared,1/7/2021 18:39,negative,15,,,,,,
b18cb63f-4c8e-44ee-a47f-541e95191d11,photo,public speaking,adore,10/1/2020 15:10,positive,72,,,,,,
b18cb63f-4c8e-44ee-a47f-541e95191d11,photo,public speaking,hate,11/21/2020 8:24,negative,5,,,,,,
b18cb63f-4c8e-44ee-a47f-541e95191d11,photo,public speaking,scared,4/15/2021 13:50,negative,15,,,,,,
b18cb63f-4c8e-44ee-a47f-541e95191d11,photo,public speaking,love,6/30/2020 1:14,positive,65,,,,,,
b18cb63f-4c8e-44ee-a47f-541e95191d11,photo,public speaking,want,12/1/2020 15:06,positive,70,,,,,,
b18cb63f-4c8e-44ee-a47f-541e95191d11,photo,public speaking,scared,11/7/2020 0:47,negative,15,,,,,,
5118e9c5-1377-4cc5-a486-65b35b7b7b76,GIF,science,super love,6/30/2020 13:08,positive,75,,,,,,
5118e9c5-1377-4cc5-a486-65b35b7b7b76,GIF,science,heart,8/4/2020 3:09,positive,60,,,,,,
5118e9c5-1377-4cc5-a486-65b35b7b7b76,GIF,science,intrigued,7/28/2020 7:01,positive,45,,,,,,
5118e9c5-1377-4cc5-a486-65b35b7b7b76,GIF,science,super love,10/25/2020 2:39,positive,75,,,,,,
5118e9c5-1377-4cc5-a486-65b35b7b7b76,GIF,science,worried,7/5/2020 3:37,negative,12,,,,,,
5118e9c5-1377-4cc5-a486-65b35b7b7b76,GIF,science,cherish,4/28/2021 15:16,positive,70,,,,,,
5118e9c5-1377-4cc5-a486-65b35b7b7b76,GIF,science,indifferent,1/31/2021 0:54,neutral,20,,,,,,
5118e9c5-1377-4cc5-a486-65b35b7b7b76,GIF,science,adore,8/29/2020 11:37,positive,72,,,,,,
5118e9c5-1377-4cc5-a486-65b35b7b7b76,GIF,science,intrigued,10/15/2020 12:09,positive,45,,,,,,
5118e9c5-1377-4cc5-a486-65b35b7b7b76,GIF,science,love,8/2/2020 21:20,positive,65,,,,,,
5118e9c5-1377-4cc5-a486-65b35b7b7b76,GIF,science,scared,10/31/2020 21:46,negative,15,,,,,,
5118e9c5-1377-4cc5-a486-65b35b7b7b76,GIF,science,heart,10/12/2020 9:40,positive,60,,,,,,
5118e9c5-1377-4cc5-a486-65b35b7b7b76,GIF,science,want,12/12/2020 12:22,positive,70,,,,,,
5118e9c5-1377-4cc5-a486-65b35b7b7b76,GIF,science,like,1/9/2021 16:37,positive,50,,,,,,
5118e9c5-1377-4cc5-a486-65b35b7b7b76,GIF,science,hate,8/23/2020 4:39,negative,5,,,,,,
5118e9c5-1377-4cc5-a486-65b35b7b7b76,GIF,science,love,12/22/2020 4:20,positive,65,,,,,,
5118e9c5-1377-4cc5-a486-65b35b7b7b76,GIF,science,disgust,11/7/2020 8:49,negative,0,,,,,,
5118e9c5-1377-4cc5-a486-65b35b7b7b76,GIF,science,adore,4/17/2021 22:45,positive,72,,,,,,
5118e9c5-1377-4cc5-a486-65b35b7b7b76,GIF,science,scared,4/21/2021 0:21,negative,15,,,,,,
5118e9c5-1377-4cc5-a486-65b35b7b7b76,GIF,science,intrigued,7/19/2020 10:33,positive,45,,,,,,
5118e9c5-1377-4cc5-a486-65b35b7b7b76,GIF,science,intrigued,7/6/2020 2:08,positive,45,,,,,,
5118e9c5-1377-4cc5-a486-65b35b7b7b76,GIF,science,love,3/26/2021 5:42,positive,65,,,,,,
0be59876-d70c-486c-8e0b-a06bef7a2cd6,GIF,tennis,cherish,9/13/2020 11:24,positive,70,,,,,,
0be59876-d70c-486c-8e0b-a06bef7a2cd6,GIF,tennis,worried,1/28/2021 21:06,negative,12,,,,,,
0be59876-d70c-486c-8e0b-a06bef7a2cd6,GIF,tennis,indifferent,1/20/2021 1:15,neutral,20,,,,,,
0be59876-d70c-486c-8e0b-a06bef7a2cd6,GIF,tennis,super love,9/3/2020 1:15,positive,75,,,,,,
0be59876-d70c-486c-8e0b-a06bef7a2cd6,GIF,tennis,worried,1/9/2021 10:46,negative,12,,,,,,
0be59876-d70c-486c-8e0b-a06bef7a2cd6,GIF,tennis,indifferent,9/19/2020 22:29,neutral,20,,,,,,
0be59876-d70c-486c-8e0b-a06bef7a2cd6,GIF,tennis,super love,5/29/2021 7:21,positive,75,,,,,,
0be59876-d70c-486c-8e0b-a06bef7a2cd6,GIF,tennis,worried,5/15/2021 19:04,negative,12,,,,,,
0be59876-d70c-486c-8e0b-a06bef7a2cd6,GIF,tennis,intrigued,8/15/2020 12:27,positive,45,,,,,,
0be59876-d70c-486c-8e0b-a06bef7a2cd6,GIF,tennis,disgust,3/31/2021 15:51,negative,0,,,,,,
0be59876-d70c-486c-8e0b-a06bef7a2cd6,GIF,tennis,peeking,2/15/2021 3:32,neutral,35,,,,,,
0be59876-d70c-486c-8e0b-a06bef7a2cd6,GIF,tennis,scared,3/29/2021 19:03,negative,15,,,,,,
0be59876-d70c-486c-8e0b-a06bef7a2cd6,GIF,tennis,scared,7/29/2020 10:40,negative,15,,,,,,
0be59876-d70c-486c-8e0b-a06bef7a2cd6,GIF,tennis,hate,5/8/2021 13:47,negative,5,,,,,,
0be59876-d70c-486c-8e0b-a06bef7a2cd6,GIF,tennis,heart,11/6/2020 2:36,positive,60,,,,,,
0be59876-d70c-486c-8e0b-a06bef7a2cd6,GIF,tennis,super love,7/25/2020 16:31,positive,75,,,,,,
0be59876-d70c-486c-8e0b-a06bef7a2cd6,GIF,tennis,worried,12/4/2020 0:56,negative,12,,,,,,
0be59876-d70c-486c-8e0b-a06bef7a2cd6,GIF,tennis,super love,9/22/2020 2:08,positive,75,,,,,,
0be59876-d70c-486c-8e0b-a06bef7a2cd6,GIF,tennis,hate,7/5/2020 5:50,negative,5,,,,,,
0be59876-d70c-486c-8e0b-a06bef7a2cd6,GIF,tennis,want,10/20/2020 12:11,positive,70,,,,,,
0be59876-d70c-486c-8e0b-a06bef7a2cd6,GIF,tennis,heart,1/11/2021 6:02,positive,60,,,,,,
0be59876-d70c-486c-8e0b-a06bef7a2cd6,GIF,tennis,want,2/28/2021 7:51,positive,70,,,,,,
0be59876-d70c-486c-8e0b-a06bef7a2cd6,GIF,tennis,intrigued,12/6/2020 13:45,positive,45,,,,,,
0be59876-d70c-486c-8e0b-a06bef7a2cd6,GIF,tennis,peeking,5/5/2021 9:54,neutral,35,,,,,,
0be59876-d70c-486c-8e0b-a06bef7a2cd6,GIF,tennis,interested,8/27/2020 18:36,positive,30,,,,,,
0be59876-d70c-486c-8e0b-a06bef7a2cd6,GIF,tennis,heart,10/15/2020 1:29,positive,60,,,,,,
0be59876-d70c-486c-8e0b-a06bef7a2cd6,GIF,tennis,peeking,1/15/2021 11:33,neutral,35,,,,,,
0be59876-d70c-486c-8e0b-a06bef7a2cd6,GIF,tennis,intrigued,3/1/2021 20:26,positive,45,,,,,,
0be59876-d70c-486c-8e0b-a06bef7a2cd6,GIF,tennis,peeking,11/28/2020 2:11,neutral,35,,,,,,
0be59876-d70c-486c-8e0b-a06bef7a2cd6,GIF,tennis,heart,6/26/2020 19:05,positive,60,,,,,,
0be59876-d70c-486c-8e0b-a06bef7a2cd6,GIF,tennis,cherish,12/30/2020 13:37,positive,70,,,,,,
0be59876-d70c-486c-8e0b-a06bef7a2cd6,GIF,tennis,super love,2/14/2021 21:15,positive,75,,,,,,
0be59876-d70c-486c-8e0b-a06bef7a2cd6,GIF,tennis,cherish,3/27/2021 20:07,positive,70,,,,,,
0be59876-d70c-486c-8e0b-a06bef7a2cd6,GIF,tennis,dislike,8/23/2020 7:38,negative,10,,,,,,
0be59876-d70c-486c-8e0b-a06bef7a2cd6,GIF,tennis,heart,11/9/2020 8:23,positive,60,,,,,,
0be59876-d70c-486c-8e0b-a06bef7a2cd6,GIF,tennis,hate,5/12/2021 20:45,negative,5,,,,,,
0be59876-d70c-486c-8e0b-a06bef7a2cd6,GIF,tennis,hate,4/15/2021 13:23,negative,5,,,,,,
0be59876-d70c-486c-8e0b-a06bef7a2cd6,GIF,tennis,peeking,8/16/2020 22:58,neutral,35,,,,,,
0be59876-d70c-486c-8e0b-a06bef7a2cd6,GIF,tennis,disgust,9/11/2020 16:22,negative,0,,,,,,
0be59876-d70c-486c-8e0b-a06bef7a2cd6,GIF,tennis,intrigued,4/13/2021 1:43,positive,45,,,,,,
0be59876-d70c-486c-8e0b-a06bef7a2cd6,GIF,tennis,cherish,12/13/2020 15:59,positive,70,,,,,,
0be59876-d70c-486c-8e0b-a06bef7a2cd6,GIF,tennis,dislike,12/3/2020 8:08,negative,10,,,,,,
0be59876-d70c-486c-8e0b-a06bef7a2cd6,GIF,tennis,disgust,10/13/2020 16:31,negative,0,,,,,,
0be59876-d70c-486c-8e0b-a06bef7a2cd6,GIF,tennis,want,12/4/2020 10:04,positive,70,,,,,,
0be59876-d70c-486c-8e0b-a06bef7a2cd6,GIF,tennis,peeking,1/25/2021 11:00,neutral,35,,,,,,
0be59876-d70c-486c-8e0b-a06bef7a2cd6,GIF,tennis,hate,5/4/2021 19:40,negative,5,,,,,,
0be59876-d70c-486c-8e0b-a06bef7a2cd6,GIF,tennis,disgust,7/23/2020 19:31,negative,0,,,,,,
81abd65a-3b76-4574-a0a7-db6bf7184ae2,video,food,love,1/6/2021 6:08,positive,65,,,,,,
81abd65a-3b76-4574-a0a7-db6bf7184ae2,video,food,worried,10/21/2020 3:48,negative,12,,,,,,
81abd65a-3b76-4574-a0a7-db6bf7184ae2,video,food,worried,2/23/2021 22:36,negative,12,,,,,,
81abd65a-3b76-4574-a0a7-db6bf7184ae2,video,food,super love,1/26/2021 1:00,positive,75,,,,,,
81abd65a-3b76-4574-a0a7-db6bf7184ae2,video,food,peeking,12/18/2020 14:07,neutral,35,,,,,,
81abd65a-3b76-4574-a0a7-db6bf7184ae2,video,food,indifferent,5/23/2021 23:27,neutral,20,,,,,,
81abd65a-3b76-4574-a0a7-db6bf7184ae2,video,food,worried,10/31/2020 3:17,negative,12,,,,,,
81abd65a-3b76-4574-a0a7-db6bf7184ae2,video,food,indifferent,2/20/2021 20:02,neutral,20,,,,,,
81abd65a-3b76-4574-a0a7-db6bf7184ae2,video,food,super love,10/28/2020 13:14,positive,75,,,,,,
81abd65a-3b76-4574-a0a7-db6bf7184ae2,video,food,peeking,8/30/2020 0:08,neutral,35,,,,,,
81abd65a-3b76-4574-a0a7-db6bf7184ae2,video,food,disgust,12/8/2020 13:12,negative,0,,,,,,
81abd65a-3b76-4574-a0a7-db6bf7184ae2,video,food,scared,11/4/2020 21:06,negative,15,,,,,,
81abd65a-3b76-4574-a0a7-db6bf7184ae2,video,food,scared,8/24/2020 13:48,negative,15,,,,,,
81abd65a-3b76-4574-a0a7-db6bf7184ae2,video,food,disgust,1/5/2021 13:15,negative,0,,,,,,
81abd65a-3b76-4574-a0a7-db6bf7184ae2,video,food,adore,2/28/2021 9:21,positive,72,,,,,,
81abd65a-3b76-4574-a0a7-db6bf7184ae2,video,food,dislike,9/22/2020 4:09,negative,10,,,,,,
81abd65a-3b76-4574-a0a7-db6bf7184ae2,video,food,disgust,11/8/2020 2:43,negative,0,,,,,,
81abd65a-3b76-4574-a0a7-db6bf7184ae2,video,food,love,10/26/2020 11:48,positive,65,,,,,,
81abd65a-3b76-4574-a0a7-db6bf7184ae2,video,food,heart,11/4/2020 14:58,positive,60,,,,,,
81abd65a-3b76-4574-a0a7-db6bf7184ae2,video,food,love,5/31/2021 1:24,positive,65,,,,,,
81abd65a-3b76-4574-a0a7-db6bf7184ae2,video,food,peeking,3/7/2021 6:31,neutral,35,,,,,,
81abd65a-3b76-4574-a0a7-db6bf7184ae2,video,food,intrigued,6/17/2021 23:27,positive,45,,,,,,
81abd65a-3b76-4574-a0a7-db6bf7184ae2,video,food,intrigued,7/27/2020 23:54,positive,45,,,,,,
81abd65a-3b76-4574-a0a7-db6bf7184ae2,video,food,disgust,4/19/2021 1:45,negative,0,,,,,,
81abd65a-3b76-4574-a0a7-db6bf7184ae2,video,food,like,10/5/2020 13:55,positive,50,,,,,,
81abd65a-3b76-4574-a0a7-db6bf7184ae2,video,food,super love,9/28/2020 8:49,positive,75,,,,,,
81abd65a-3b76-4574-a0a7-db6bf7184ae2,video,food,dislike,2/25/2021 4:02,negative,10,,,,,,
81abd65a-3b76-4574-a0a7-db6bf7184ae2,video,food,heart,12/24/2020 22:31,positive,60,,,,,,
81abd65a-3b76-4574-a0a7-db6bf7184ae2,video,food,heart,6/15/2021 12:15,positive,60,,,,,,
81abd65a-3b76-4574-a0a7-db6bf7184ae2,video,food,dislike,5/3/2021 23:10,negative,10,,,,,,
81abd65a-3b76-4574-a0a7-db6bf7184ae2,video,food,intrigued,2/12/2021 4:23,positive,45,,,,,,
81abd65a-3b76-4574-a0a7-db6bf7184ae2,video,food,adore,8/31/2020 0:39,positive,72,,,,,,
81abd65a-3b76-4574-a0a7-db6bf7184ae2,video,food,indifferent,1/11/2021 8:47,neutral,20,,,,,,
81abd65a-3b76-4574-a0a7-db6bf7184ae2,video,food,super love,8/2/2020 20:28,positive,75,,,,,,
81abd65a-3b76-4574-a0a7-db6bf7184ae2,video,food,disgust,10/18/2020 12:49,negative,0,,,,,,
81abd65a-3b76-4574-a0a7-db6bf7184ae2,video,food,peeking,3/28/2021 8:08,neutral,35,,,,,,
81abd65a-3b76-4574-a0a7-db6bf7184ae2,video,food,super love,2/11/2021 4:02,positive,75,,,,,,
81abd65a-3b76-4574-a0a7-db6bf7184ae2,video,food,heart,8/12/2020 23:43,positive,60,,,,,,
81abd65a-3b76-4574-a0a7-db6bf7184ae2,video,food,scared,1/7/2021 2:48,negative,15,,,,,,
81abd65a-3b76-4574-a0a7-db6bf7184ae2,video,food,interested,10/27/2020 3:58,positive,30,,,,,,
81abd65a-3b76-4574-a0a7-db6bf7184ae2,video,food,scared,2/19/2021 0:55,negative,15,,,,,,
81abd65a-3b76-4574-a0a7-db6bf7184ae2,video,food,super love,6/8/2021 10:45,positive,75,,,,,,
81abd65a-3b76-4574-a0a7-db6bf7184ae2,video,food,like,10/18/2020 4:17,positive,50,,,,,,
81abd65a-3b76-4574-a0a7-db6bf7184ae2,video,food,super love,11/5/2020 13:54,positive,75,,,,,,
81abd65a-3b76-4574-a0a7-db6bf7184ae2,video,food,intrigued,8/16/2020 12:12,positive,45,,,,,,
81abd65a-3b76-4574-a0a7-db6bf7184ae2,video,food,scared,10/14/2020 14:55,negative,15,,,,,,
81abd65a-3b76-4574-a0a7-db6bf7184ae2,video,food,peeking,4/1/2021 12:04,neutral,35,,,,,,
81abd65a-3b76-4574-a0a7-db6bf7184ae2,video,food,like,9/25/2020 6:17,positive,50,,,,,,
e6ee2244-9382-49a9-8cbf-fa54aaaa2392,audio,travel,intrigued,3/3/2021 18:40,positive,45,,,,,,
7ffd0a82-4a0a-4527-a4d6-e251b756bac7,GIF,fitness,interested,10/30/2020 3:52,positive,30,,,,,,
7ffd0a82-4a0a-4527-a4d6-e251b756bac7,GIF,fitness,like,2/12/2021 5:48,positive,50,,,,,,
7ffd0a82-4a0a-4527-a4d6-e251b756bac7,GIF,fitness,disgust,2/8/2021 3:28,negative,0,,,,,,
7ffd0a82-4a0a-4527-a4d6-e251b756bac7,GIF,fitness,interested,4/2/2021 7:49,positive,30,,,,,,
7ffd0a82-4a0a-4527-a4d6-e251b756bac7,GIF,fitness,worried,6/30/2020 5:53,negative,12,,,,,,
7ffd0a82-4a0a-4527-a4d6-e251b756bac7,GIF,fitness,worried,10/22/2020 23:10,negative,12,,,,,,
7ffd0a82-4a0a-4527-a4d6-e251b756bac7,GIF,fitness,indifferent,6/16/2021 13:46,neutral,20,,,,,,
7ffd0a82-4a0a-4527-a4d6-e251b756bac7,GIF,fitness,cherish,8/10/2020 13:42,positive,70,,,,,,
f332d362-dc48-46c2-a64b-641157c0987e,GIF,soccer,adore,7/26/2020 19:34,positive,72,,,,,,
f332d362-dc48-46c2-a64b-641157c0987e,GIF,soccer,interested,12/12/2020 15:31,positive,30,,,,,,
f332d362-dc48-46c2-a64b-641157c0987e,GIF,soccer,want,8/21/2020 15:22,positive,70,,,,,,
f332d362-dc48-46c2-a64b-641157c0987e,GIF,soccer,indifferent,5/31/2021 20:37,neutral,20,,,,,,
f332d362-dc48-46c2-a64b-641157c0987e,GIF,soccer,indifferent,2/14/2021 6:00,neutral,20,,,,,,
f332d362-dc48-46c2-a64b-641157c0987e,GIF,soccer,disgust,2/15/2021 20:35,negative,0,,,,,,
a2e93b29-9259-4092-a4d7-62d5e823bb74,video,public speaking,hate,9/8/2020 14:01,negative,5,,,,,,
a2e93b29-9259-4092-a4d7-62d5e823bb74,video,public speaking,worried,10/28/2020 7:37,negative,12,,,,,,
a2e93b29-9259-4092-a4d7-62d5e823bb74,video,public speaking,interested,11/21/2020 19:53,positive,30,,,,,,
a2e93b29-9259-4092-a4d7-62d5e823bb74,video,public speaking,scared,10/16/2020 22:41,negative,15,,,,,,
a2e93b29-9259-4092-a4d7-62d5e823bb74,video,public speaking,hate,1/8/2021 12:46,negative,5,,,,,,
a2e93b29-9259-4092-a4d7-62d5e823bb74,video,public speaking,want,9/7/2020 6:55,positive,70,,,,,,
a2e93b29-9259-4092-a4d7-62d5e823bb74,video,public speaking,hate,1/26/2021 16:14,negative,5,,,,,,
a2e93b29-9259-4092-a4d7-62d5e823bb74,video,public speaking,worried,9/15/2020 22:47,negative,12,,,,,,
a2e93b29-9259-4092-a4d7-62d5e823bb74,video,public speaking,love,11/9/2020 0:34,positive,65,,,,,,
a2e93b29-9259-4092-a4d7-62d5e823bb74,video,public speaking,like,9/3/2020 13:36,positive,50,,,,,,
a2e93b29-9259-4092-a4d7-62d5e823bb74,video,public speaking,indifferent,2/1/2021 4:49,neutral,20,,,,,,
a2e93b29-9259-4092-a4d7-62d5e823bb74,video,public speaking,want,4/14/2021 18:36,positive,70,,,,,,
a2e93b29-9259-4092-a4d7-62d5e823bb74,video,public speaking,love,1/12/2021 11:57,positive,65,,,,,,
a2e93b29-9259-4092-a4d7-62d5e823bb74,video,public speaking,dislike,11/2/2020 22:53,negative,10,,,,,,
a2e93b29-9259-4092-a4d7-62d5e823bb74,video,public speaking,heart,3/8/2021 0:05,positive,60,,,,,,
a2e93b29-9259-4092-a4d7-62d5e823bb74,video,public speaking,want,9/14/2020 5:11,positive,70,,,,,,
a2e93b29-9259-4092-a4d7-62d5e823bb74,video,public speaking,dislike,7/28/2020 9:50,negative,10,,,,,,
a2e93b29-9259-4092-a4d7-62d5e823bb74,video,public speaking,want,6/30/2020 1:25,positive,70,,,,,,
a2e93b29-9259-4092-a4d7-62d5e823bb74,video,public speaking,adore,1/26/2021 19:53,positive,72,,,,,,
a2e93b29-9259-4092-a4d7-62d5e823bb74,video,public speaking,cherish,6/30/2020 7:10,positive,70,,,,,,
a2e93b29-9259-4092-a4d7-62d5e823bb74,video,public speaking,adore,5/19/2021 16:20,positive,72,,,,,,
a2e93b29-9259-4092-a4d7-62d5e823bb74,video,public speaking,want,3/11/2021 23:55,positive,70,,,,,,
a2e93b29-9259-4092-a4d7-62d5e823bb74,video,public speaking,want,10/17/2020 22:39,positive,70,,,,,,
a2e93b29-9259-4092-a4d7-62d5e823bb74,video,public speaking,adore,4/12/2021 17:12,positive,72,,,,,,
a2e93b29-9259-4092-a4d7-62d5e823bb74,video,public speaking,hate,11/25/2020 1:57,negative,5,,,,,,
a2e93b29-9259-4092-a4d7-62d5e823bb74,video,public speaking,disgust,6/9/2021 9:41,negative,0,,,,,,
a2e93b29-9259-4092-a4d7-62d5e823bb74,video,public speaking,peeking,5/20/2021 17:51,neutral,35,,,,,,
a2e93b29-9259-4092-a4d7-62d5e823bb74,video,public speaking,hate,9/30/2020 18:09,negative,5,,,,,,
a2e93b29-9259-4092-a4d7-62d5e823bb74,video,public speaking,super love,10/7/2020 16:03,positive,75,,,,,,
a2e93b29-9259-4092-a4d7-62d5e823bb74,video,public speaking,scared,10/7/2020 1:24,negative,15,,,,,,
a2e93b29-9259-4092-a4d7-62d5e823bb74,video,public speaking,scared,1/11/2021 16:13,negative,15,,,,,,
a2e93b29-9259-4092-a4d7-62d5e823bb74,video,public speaking,disgust,12/26/2020 6:13,negative,0,,,,,,
a2e93b29-9259-4092-a4d7-62d5e823bb74,video,public speaking,disgust,6/15/2021 17:31,negative,0,,,,,,
a2e93b29-9259-4092-a4d7-62d5e823bb74,video,public speaking,scared,5/21/2021 9:25,negative,15,,,,,,
a2e93b29-9259-4092-a4d7-62d5e823bb74,video,public speaking,intrigued,11/14/2020 15:11,positive,45,,,,,,
a2e93b29-9259-4092-a4d7-62d5e823bb74,video,public speaking,super love,5/5/2021 15:38,positive,75,,,,,,
a2e93b29-9259-4092-a4d7-62d5e823bb74,video,public speaking,interested,8/17/2020 10:08,positive,30,,,,,,
a2e93b29-9259-4092-a4d7-62d5e823bb74,video,public speaking,intrigued,12/31/2020 5:53,positive,45,,,,,,
9b3a6d30-48e8-476c-82be-9031524bd04d,video,food,disgust,11/21/2020 3:14,negative,0,,,,,,
9b3a6d30-48e8-476c-82be-9031524bd04d,video,food,hate,10/5/2020 18:00,negative,5,,,,,,
9b3a6d30-48e8-476c-82be-9031524bd04d,video,food,cherish,5/28/2021 15:20,positive,70,,,,,,
9b3a6d30-48e8-476c-82be-9031524bd04d,video,food,hate,1/12/2021 12:14,negative,5,,,,,,
9b3a6d30-48e8-476c-82be-9031524bd04d,video,food,scared,2/20/2021 0:07,negative,15,,,,,,
9b3a6d30-48e8-476c-82be-9031524bd04d,video,food,intrigued,7/14/2020 21:01,positive,45,,,,,,
9b3a6d30-48e8-476c-82be-9031524bd04d,video,food,worried,6/5/2021 10:04,negative,12,,,,,,
9b3a6d30-48e8-476c-82be-9031524bd04d,video,food,want,3/23/2021 1:55,positive,70,,,,,,
9b3a6d30-48e8-476c-82be-9031524bd04d,video,food,cherish,5/18/2021 9:52,positive,70,,,,,,
9b3a6d30-48e8-476c-82be-9031524bd04d,video,food,scared,8/31/2020 5:22,negative,15,,,,,,
9b3a6d30-48e8-476c-82be-9031524bd04d,video,food,like,6/4/2021 16:57,positive,50,,,,,,
9b3a6d30-48e8-476c-82be-9031524bd04d,video,food,disgust,1/1/2021 11:23,negative,0,,,,,,
9b3a6d30-48e8-476c-82be-9031524bd04d,video,food,dislike,5/29/2021 4:16,negative,10,,,,,,
9b3a6d30-48e8-476c-82be-9031524bd04d,video,food,interested,7/18/2020 10:43,positive,30,,,,,,
9b3a6d30-48e8-476c-82be-9031524bd04d,video,food,adore,11/7/2020 1:54,positive,72,,,,,,
9b3a6d30-48e8-476c-82be-9031524bd04d,video,food,like,8/11/2020 12:01,positive,50,,,,,,
9b3a6d30-48e8-476c-82be-9031524bd04d,video,food,dislike,7/24/2020 18:23,negative,10,,,,,,
9b3a6d30-48e8-476c-82be-9031524bd04d,video,food,scared,10/8/2020 8:38,negative,15,,,,,,
9b3a6d30-48e8-476c-82be-9031524bd04d,video,food,indifferent,2/5/2021 13:05,neutral,20,,,,,,
9b3a6d30-48e8-476c-82be-9031524bd04d,video,food,indifferent,11/9/2020 3:05,neutral,20,,,,,,
9b3a6d30-48e8-476c-82be-9031524bd04d,video,food,interested,7/26/2020 10:36,positive,30,,,,,,
9b3a6d30-48e8-476c-82be-9031524bd04d,video,food,like,5/19/2021 4:30,positive,50,,,,,,
9b3a6d30-48e8-476c-82be-9031524bd04d,video,food,super love,11/15/2020 22:53,positive,75,,,,,,
9b3a6d30-48e8-476c-82be-9031524bd04d,video,food,worried,2/4/2021 13:45,negative,12,,,,,,
9b3a6d30-48e8-476c-82be-9031524bd04d,video,food,intrigued,8/1/2020 23:38,positive,45,,,,,,
9b3a6d30-48e8-476c-82be-9031524bd04d,video,food,super love,9/22/2020 17:07,positive,75,,,,,,
850fe90d-47d6-4eb7-b9c8-810afcb99ce9,video,tennis,adore,5/21/2021 12:47,positive,72,,,,,,
850fe90d-47d6-4eb7-b9c8-810afcb99ce9,video,tennis,peeking,2/25/2021 12:05,neutral,35,,,,,,
850fe90d-47d6-4eb7-b9c8-810afcb99ce9,video,tennis,disgust,4/10/2021 9:41,negative,0,,,,,,
850fe90d-47d6-4eb7-b9c8-810afcb99ce9,video,tennis,worried,4/6/2021 19:56,negative,12,,,,,,
850fe90d-47d6-4eb7-b9c8-810afcb99ce9,video,tennis,worried,4/5/2021 16:42,negative,12,,,,,,
850fe90d-47d6-4eb7-b9c8-810afcb99ce9,video,tennis,disgust,12/14/2020 12:53,negative,0,,,,,,
850fe90d-47d6-4eb7-b9c8-810afcb99ce9,video,tennis,heart,3/6/2021 10:03,positive,60,,,,,,
850fe90d-47d6-4eb7-b9c8-810afcb99ce9,video,tennis,hate,10/12/2020 1:42,negative,5,,,,,,
850fe90d-47d6-4eb7-b9c8-810afcb99ce9,video,tennis,like,11/14/2020 10:25,positive,50,,,,,,
850fe90d-47d6-4eb7-b9c8-810afcb99ce9,video,tennis,scared,6/7/2021 12:44,negative,15,,,,,,
850fe90d-47d6-4eb7-b9c8-810afcb99ce9,video,tennis,hate,2/13/2021 13:45,negative,5,,,,,,
850fe90d-47d6-4eb7-b9c8-810afcb99ce9,video,tennis,love,5/8/2021 11:21,positive,65,,,,,,
850fe90d-47d6-4eb7-b9c8-810afcb99ce9,video,tennis,scared,11/20/2020 19:09,negative,15,,,,,,
850fe90d-47d6-4eb7-b9c8-810afcb99ce9,video,tennis,want,7/18/2020 3:52,positive,70,,,,,,
850fe90d-47d6-4eb7-b9c8-810afcb99ce9,video,tennis,love,8/27/2020 15:23,positive,65,,,,,,
850fe90d-47d6-4eb7-b9c8-810afcb99ce9,video,tennis,dislike,9/29/2020 2:49,negative,10,,,,,,
850fe90d-47d6-4eb7-b9c8-810afcb99ce9,video,tennis,like,8/17/2020 14:29,positive,50,,,,,,
850fe90d-47d6-4eb7-b9c8-810afcb99ce9,video,tennis,want,8/16/2020 17:45,positive,70,,,,,,
850fe90d-47d6-4eb7-b9c8-810afcb99ce9,video,tennis,like,7/6/2020 0:08,positive,50,,,,,,
850fe90d-47d6-4eb7-b9c8-810afcb99ce9,video,tennis,heart,7/22/2020 1:15,positive,60,,,,,,
850fe90d-47d6-4eb7-b9c8-810afcb99ce9,video,tennis,scared,5/16/2021 13:24,negative,15,,,,,,
850fe90d-47d6-4eb7-b9c8-810afcb99ce9,video,tennis,love,5/20/2021 22:09,positive,65,,,,,,
850fe90d-47d6-4eb7-b9c8-810afcb99ce9,video,tennis,hate,2/11/2021 8:54,negative,5,,,,,,
850fe90d-47d6-4eb7-b9c8-810afcb99ce9,video,tennis,intrigued,8/3/2020 17:58,positive,45,,,,,,
850fe90d-47d6-4eb7-b9c8-810afcb99ce9,video,tennis,want,9/18/2020 16:29,positive,70,,,,,,
850fe90d-47d6-4eb7-b9c8-810afcb99ce9,video,tennis,hate,3/27/2021 8:58,negative,5,,,,,,
850fe90d-47d6-4eb7-b9c8-810afcb99ce9,video,tennis,dislike,7/13/2020 21:02,negative,10,,,,,,
850fe90d-47d6-4eb7-b9c8-810afcb99ce9,video,tennis,super love,1/19/2021 3:07,positive,75,,,,,,
850fe90d-47d6-4eb7-b9c8-810afcb99ce9,video,tennis,want,4/30/2021 6:11,positive,70,,,,,,
850fe90d-47d6-4eb7-b9c8-810afcb99ce9,video,tennis,like,4/4/2021 1:34,positive,50,,,,,,
850fe90d-47d6-4eb7-b9c8-810afcb99ce9,video,tennis,indifferent,2/3/2021 18:41,neutral,20,,,,,,
850fe90d-47d6-4eb7-b9c8-810afcb99ce9,video,tennis,disgust,10/6/2020 10:20,negative,0,,,,,,
850fe90d-47d6-4eb7-b9c8-810afcb99ce9,video,tennis,interested,11/7/2020 17:59,positive,30,,,,,,
850fe90d-47d6-4eb7-b9c8-810afcb99ce9,video,tennis,dislike,12/22/2020 1:07,negative,10,,,,,,
850fe90d-47d6-4eb7-b9c8-810afcb99ce9,video,tennis,indifferent,3/20/2021 14:45,neutral,20,,,,,,
850fe90d-47d6-4eb7-b9c8-810afcb99ce9,video,tennis,intrigued,8/14/2020 9:02,positive,45,,,,,,
850fe90d-47d6-4eb7-b9c8-810afcb99ce9,video,tennis,intrigued,9/20/2020 19:55,positive,45,,,,,,
850fe90d-47d6-4eb7-b9c8-810afcb99ce9,video,tennis,scared,12/20/2020 16:12,negative,15,,,,,,
850fe90d-47d6-4eb7-b9c8-810afcb99ce9,video,tennis,adore,5/8/2021 18:54,positive,72,,,,,,
850fe90d-47d6-4eb7-b9c8-810afcb99ce9,video,tennis,peeking,10/23/2020 18:02,neutral,35,,,,,,
850fe90d-47d6-4eb7-b9c8-810afcb99ce9,video,tennis,disgust,8/27/2020 15:08,negative,0,,,,,,
850fe90d-47d6-4eb7-b9c8-810afcb99ce9,video,tennis,cherish,5/23/2021 4:59,positive,70,,,,,,
850fe90d-47d6-4eb7-b9c8-810afcb99ce9,video,tennis,love,11/27/2020 2:50,positive,65,,,,,,
850fe90d-47d6-4eb7-b9c8-810afcb99ce9,video,tennis,super love,4/16/2021 11:15,positive,75,,,,,,
850fe90d-47d6-4eb7-b9c8-810afcb99ce9,video,tennis,hate,5/29/2021 4:12,negative,5,,,,,,
baa2db00-81ba-4c34-b17d-dd950bfa133b,GIF,soccer,worried,10/27/2020 22:11,negative,12,,,,,,
baa2db00-81ba-4c34-b17d-dd950bfa133b,GIF,soccer,intrigued,4/3/2021 5:44,positive,45,,,,,,
baa2db00-81ba-4c34-b17d-dd950bfa133b,GIF,soccer,dislike,6/29/2020 7:21,negative,10,,,,,,
baa2db00-81ba-4c34-b17d-dd950bfa133b,GIF,soccer,hate,9/24/2020 6:28,negative,5,,,,,,
baa2db00-81ba-4c34-b17d-dd950bfa133b,GIF,soccer,disgust,9/13/2020 8:14,negative,0,,,,,,
baa2db00-81ba-4c34-b17d-dd950bfa133b,GIF,soccer,disgust,8/19/2020 3:04,negative,0,,,,,,
baa2db00-81ba-4c34-b17d-dd950bfa133b,GIF,soccer,cherish,5/11/2021 19:35,positive,70,,,,,,
baa2db00-81ba-4c34-b17d-dd950bfa133b,GIF,soccer,indifferent,4/2/2021 19:50,neutral,20,,,,,,
baa2db00-81ba-4c34-b17d-dd950bfa133b,GIF,soccer,cherish,9/22/2020 1:23,positive,70,,,,,,
baa2db00-81ba-4c34-b17d-dd950bfa133b,GIF,soccer,scared,8/5/2020 16:00,negative,15,,,,,,
baa2db00-81ba-4c34-b17d-dd950bfa133b,GIF,soccer,indifferent,12/15/2020 21:35,neutral,20,,,,,,
baa2db00-81ba-4c34-b17d-dd950bfa133b,GIF,soccer,love,5/28/2021 7:57,positive,65,,,,,,
baa2db00-81ba-4c34-b17d-dd950bfa133b,GIF,soccer,love,6/9/2021 3:55,positive,65,,,,,,
baa2db00-81ba-4c34-b17d-dd950bfa133b,GIF,soccer,cherish,9/7/2020 15:21,positive,70,,,,,,
baa2db00-81ba-4c34-b17d-dd950bfa133b,GIF,soccer,dislike,8/8/2020 0:29,negative,10,,,,,,
baa2db00-81ba-4c34-b17d-dd950bfa133b,GIF,soccer,like,12/19/2020 19:32,positive,50,,,,,,
baa2db00-81ba-4c34-b17d-dd950bfa133b,GIF,soccer,hate,5/24/2021 6:17,negative,5,,,,,,
baa2db00-81ba-4c34-b17d-dd950bfa133b,GIF,soccer,worried,1/26/2021 7:25,negative,12,,,,,,
baa2db00-81ba-4c34-b17d-dd950bfa133b,GIF,soccer,super love,10/30/2020 16:05,positive,75,,,,,,
baa2db00-81ba-4c34-b17d-dd950bfa133b,GIF,soccer,heart,6/13/2021 16:05,positive,60,,,,,,
baa2db00-81ba-4c34-b17d-dd950bfa133b,GIF,soccer,interested,12/18/2020 2:24,positive,30,,,,,,
baa2db00-81ba-4c34-b17d-dd950bfa133b,GIF,soccer,scared,7/21/2020 16:09,negative,15,,,,,,
baa2db00-81ba-4c34-b17d-dd950bfa133b,GIF,soccer,like,2/5/2021 15:30,positive,50,,,,,,
baa2db00-81ba-4c34-b17d-dd950bfa133b,GIF,soccer,cherish,12/10/2020 5:51,positive,70,,,,,,
baa2db00-81ba-4c34-b17d-dd950bfa133b,GIF,soccer,love,9/26/2020 12:50,positive,65,,,,,,
baa2db00-81ba-4c34-b17d-dd950bfa133b,GIF,soccer,want,1/13/2021 16:16,positive,70,,,,,,
baa2db00-81ba-4c34-b17d-dd950bfa133b,GIF,soccer,like,11/12/2020 17:49,positive,50,,,,,,
baa2db00-81ba-4c34-b17d-dd950bfa133b,GIF,soccer,disgust,3/9/2021 21:30,negative,0,,,,,,
baa2db00-81ba-4c34-b17d-dd950bfa133b,GIF,soccer,heart,5/18/2021 3:47,positive,60,,,,,,
baa2db00-81ba-4c34-b17d-dd950bfa133b,GIF,soccer,super love,6/12/2021 22:03,positive,75,,,,,,
f98dde71-ce1d-4f6c-bb05-ae05779d2207,GIF,soccer,super love,8/2/2020 18:35,positive,75,,,,,,
f98dde71-ce1d-4f6c-bb05-ae05779d2207,GIF,soccer,hate,4/14/2021 13:48,negative,5,,,,,,
f98dde71-ce1d-4f6c-bb05-ae05779d2207,GIF,soccer,disgust,12/12/2020 23:02,negative,0,,,,,,
f98dde71-ce1d-4f6c-bb05-ae05779d2207,GIF,soccer,indifferent,8/24/2020 9:55,neutral,20,,,,,,
f98dde71-ce1d-4f6c-bb05-ae05779d2207,GIF,soccer,like,10/7/2020 9:31,positive,50,,,,,,
f98dde71-ce1d-4f6c-bb05-ae05779d2207,GIF,soccer,like,3/11/2021 14:45,positive,50,,,,,,
f98dde71-ce1d-4f6c-bb05-ae05779d2207,GIF,soccer,disgust,3/30/2021 23:01,negative,0,,,,,,
f98dde71-ce1d-4f6c-bb05-ae05779d2207,GIF,soccer,peeking,1/3/2021 4:02,neutral,35,,,,,,
f98dde71-ce1d-4f6c-bb05-ae05779d2207,GIF,soccer,peeking,5/30/2021 9:31,neutral,35,,,,,,
f98dde71-ce1d-4f6c-bb05-ae05779d2207,GIF,soccer,interested,4/27/2021 20:21,positive,30,,,,,,
f98dde71-ce1d-4f6c-bb05-ae05779d2207,GIF,soccer,indifferent,4/13/2021 13:42,neutral,20,,,,,,
f98dde71-ce1d-4f6c-bb05-ae05779d2207,GIF,soccer,indifferent,3/13/2021 16:37,neutral,20,,,,,,
f98dde71-ce1d-4f6c-bb05-ae05779d2207,GIF,soccer,adore,9/7/2020 11:48,positive,72,,,,,,
f98dde71-ce1d-4f6c-bb05-ae05779d2207,GIF,soccer,interested,2/6/2021 13:18,positive,30,,,,,,
f98dde71-ce1d-4f6c-bb05-ae05779d2207,GIF,soccer,scared,5/18/2021 9:28,negative,15,,,,,,
f98dde71-ce1d-4f6c-bb05-ae05779d2207,GIF,soccer,super love,4/25/2021 9:44,positive,75,,,,,,
f98dde71-ce1d-4f6c-bb05-ae05779d2207,GIF,soccer,dislike,2/28/2021 16:15,negative,10,,,,,,
f98dde71-ce1d-4f6c-bb05-ae05779d2207,GIF,soccer,disgust,10/22/2020 3:40,negative,0,,,,,,
f98dde71-ce1d-4f6c-bb05-ae05779d2207,GIF,soccer,peeking,5/24/2021 22:19,neutral,35,,,,,,
f98dde71-ce1d-4f6c-bb05-ae05779d2207,GIF,soccer,intrigued,1/25/2021 6:22,positive,45,,,,,,
f98dde71-ce1d-4f6c-bb05-ae05779d2207,GIF,soccer,interested,11/16/2020 6:37,positive,30,,,,,,
f98dde71-ce1d-4f6c-bb05-ae05779d2207,GIF,soccer,dislike,10/25/2020 11:15,negative,10,,,,,,
f98dde71-ce1d-4f6c-bb05-ae05779d2207,GIF,soccer,interested,4/18/2021 11:43,positive,30,,,,,,
f98dde71-ce1d-4f6c-bb05-ae05779d2207,GIF,soccer,indifferent,6/3/2021 19:13,neutral,20,,,,,,
f98dde71-ce1d-4f6c-bb05-ae05779d2207,GIF,soccer,love,10/26/2020 12:50,positive,65,,,,,,
f98dde71-ce1d-4f6c-bb05-ae05779d2207,GIF,soccer,indifferent,9/8/2020 7:08,neutral,20,,,,,,
f98dde71-ce1d-4f6c-bb05-ae05779d2207,GIF,soccer,dislike,12/2/2020 8:56,negative,10,,,,,,
f98dde71-ce1d-4f6c-bb05-ae05779d2207,GIF,soccer,adore,11/18/2020 8:02,positive,72,,,,,,
f98dde71-ce1d-4f6c-bb05-ae05779d2207,GIF,soccer,adore,5/25/2021 14:14,positive,72,,,,,,
f98dde71-ce1d-4f6c-bb05-ae05779d2207,GIF,soccer,indifferent,4/26/2021 6:00,neutral,20,,,,,,
f98dde71-ce1d-4f6c-bb05-ae05779d2207,GIF,soccer,peeking,1/30/2021 14:21,neutral,35,,,,,,
f98dde71-ce1d-4f6c-bb05-ae05779d2207,GIF,soccer,peeking,7/23/2020 2:21,neutral,35,,,,,,
f98dde71-ce1d-4f6c-bb05-ae05779d2207,GIF,soccer,cherish,12/6/2020 14:59,positive,70,,,,,,
f98dde71-ce1d-4f6c-bb05-ae05779d2207,GIF,soccer,cherish,6/13/2021 3:27,positive,70,,,,,,
f98dde71-ce1d-4f6c-bb05-ae05779d2207,GIF,soccer,intrigued,1/23/2021 2:20,positive,45,,,,,,
f98dde71-ce1d-4f6c-bb05-ae05779d2207,GIF,soccer,intrigued,7/14/2020 8:11,positive,45,,,,,,
f98dde71-ce1d-4f6c-bb05-ae05779d2207,GIF,soccer,heart,4/23/2021 22:20,positive,60,,,,,,
388bd9db-9d10-4f47-87c4-6db46e83bc95,video,education,interested,8/22/2020 23:58,positive,30,,,,,,
388bd9db-9d10-4f47-87c4-6db46e83bc95,video,education,like,4/3/2021 23:11,positive,50,,,,,,
388bd9db-9d10-4f47-87c4-6db46e83bc95,video,education,cherish,4/14/2021 19:59,positive,70,,,,,,
388bd9db-9d10-4f47-87c4-6db46e83bc95,video,education,adore,4/15/2021 17:03,positive,72,,,,,,
388bd9db-9d10-4f47-87c4-6db46e83bc95,video,education,want,5/23/2021 16:22,positive,70,,,,,,
388bd9db-9d10-4f47-87c4-6db46e83bc95,video,education,dislike,10/3/2020 13:46,negative,10,,,,,,
388bd9db-9d10-4f47-87c4-6db46e83bc95,video,education,like,8/9/2020 7:58,positive,50,,,,,,
388bd9db-9d10-4f47-87c4-6db46e83bc95,video,education,want,12/16/2020 1:34,positive,70,,,,,,
388bd9db-9d10-4f47-87c4-6db46e83bc95,video,education,super love,4/28/2021 9:23,positive,75,,,,,,
388bd9db-9d10-4f47-87c4-6db46e83bc95,video,education,scared,3/31/2021 1:01,negative,15,,,,,,
388bd9db-9d10-4f47-87c4-6db46e83bc95,video,education,cherish,3/12/2021 0:42,positive,70,,,,,,
388bd9db-9d10-4f47-87c4-6db46e83bc95,video,education,disgust,3/31/2021 0:16,negative,0,,,,,,
388bd9db-9d10-4f47-87c4-6db46e83bc95,video,education,love,6/16/2021 0:13,positive,65,,,,,,
388bd9db-9d10-4f47-87c4-6db46e83bc95,video,education,like,6/3/2021 12:45,positive,50,,,,,,
388bd9db-9d10-4f47-87c4-6db46e83bc95,video,education,dislike,4/19/2021 5:11,negative,10,,,,,,
388bd9db-9d10-4f47-87c4-6db46e83bc95,video,education,heart,3/25/2021 22:25,positive,60,,,,,,
388bd9db-9d10-4f47-87c4-6db46e83bc95,video,education,indifferent,12/4/2020 16:38,neutral,20,,,,,,
388bd9db-9d10-4f47-87c4-6db46e83bc95,video,education,interested,12/17/2020 6:49,positive,30,,,,,,
388bd9db-9d10-4f47-87c4-6db46e83bc95,video,education,interested,7/22/2020 17:01,positive,30,,,,,,
78d0075f-895c-4a15-a35c-a921e2bb2cea,photo,studying,want,9/11/2020 19:13,positive,70,,,,,,
78d0075f-895c-4a15-a35c-a921e2bb2cea,photo,studying,super love,4/30/2021 9:22,positive,75,,,,,,
78d0075f-895c-4a15-a35c-a921e2bb2cea,photo,studying,scared,12/13/2020 15:10,negative,15,,,,,,
78d0075f-895c-4a15-a35c-a921e2bb2cea,photo,studying,love,3/28/2021 17:20,positive,65,,,,,,
78d0075f-895c-4a15-a35c-a921e2bb2cea,photo,studying,hate,3/23/2021 13:28,negative,5,,,,,,
78d0075f-895c-4a15-a35c-a921e2bb2cea,photo,studying,cherish,8/1/2020 2:18,positive,70,,,,,,
78d0075f-895c-4a15-a35c-a921e2bb2cea,photo,studying,adore,5/2/2021 1:43,positive,72,,,,,,
78d0075f-895c-4a15-a35c-a921e2bb2cea,photo,studying,love,6/9/2021 12:33,positive,65,,,,,,
78d0075f-895c-4a15-a35c-a921e2bb2cea,photo,studying,dislike,8/27/2020 6:31,negative,10,,,,,,
78d0075f-895c-4a15-a35c-a921e2bb2cea,photo,studying,intrigued,4/12/2021 16:22,positive,45,,,,,,
78d0075f-895c-4a15-a35c-a921e2bb2cea,photo,studying,adore,7/6/2020 18:54,positive,72,,,,,,
78d0075f-895c-4a15-a35c-a921e2bb2cea,photo,studying,hate,1/22/2021 15:32,negative,5,,,,,,
78d0075f-895c-4a15-a35c-a921e2bb2cea,photo,studying,hate,5/24/2021 5:36,negative,5,,,,,,
78d0075f-895c-4a15-a35c-a921e2bb2cea,photo,studying,cherish,6/11/2021 9:36,positive,70,,,,,,
78d0075f-895c-4a15-a35c-a921e2bb2cea,photo,studying,like,4/27/2021 15:45,positive,50,,,,,,
78d0075f-895c-4a15-a35c-a921e2bb2cea,photo,studying,love,3/6/2021 20:42,positive,65,,,,,,
78d0075f-895c-4a15-a35c-a921e2bb2cea,photo,studying,heart,11/17/2020 12:11,positive,60,,,,,,
78d0075f-895c-4a15-a35c-a921e2bb2cea,photo,studying,indifferent,5/30/2021 19:32,neutral,20,,,,,,
78d0075f-895c-4a15-a35c-a921e2bb2cea,photo,studying,worried,1/17/2021 6:34,negative,12,,,,,,
78d0075f-895c-4a15-a35c-a921e2bb2cea,photo,studying,adore,5/11/2021 2:06,positive,72,,,,,,
78d0075f-895c-4a15-a35c-a921e2bb2cea,photo,studying,peeking,9/6/2020 2:58,neutral,35,,,,,,
78d0075f-895c-4a15-a35c-a921e2bb2cea,photo,studying,love,12/4/2020 7:19,positive,65,,,,,,
78d0075f-895c-4a15-a35c-a921e2bb2cea,photo,studying,worried,7/12/2020 18:21,negative,12,,,,,,
78d0075f-895c-4a15-a35c-a921e2bb2cea,photo,studying,indifferent,1/9/2021 9:06,neutral,20,,,,,,
78d0075f-895c-4a15-a35c-a921e2bb2cea,photo,studying,intrigued,6/14/2021 4:29,positive,45,,,,,,
78d0075f-895c-4a15-a35c-a921e2bb2cea,photo,studying,heart,4/5/2021 13:43,positive,60,,,,,,
78d0075f-895c-4a15-a35c-a921e2bb2cea,photo,studying,love,9/10/2020 3:38,positive,65,,,,,,
78d0075f-895c-4a15-a35c-a921e2bb2cea,photo,studying,scared,3/17/2021 8:39,negative,15,,,,,,
78d0075f-895c-4a15-a35c-a921e2bb2cea,photo,studying,scared,12/18/2020 0:13,negative,15,,,,,,
78d0075f-895c-4a15-a35c-a921e2bb2cea,photo,studying,love,3/2/2021 0:46,positive,65,,,,,,
78d0075f-895c-4a15-a35c-a921e2bb2cea,photo,studying,like,1/8/2021 14:35,positive,50,,,,,,
78d0075f-895c-4a15-a35c-a921e2bb2cea,photo,studying,scared,10/11/2020 9:52,negative,15,,,,,,
78d0075f-895c-4a15-a35c-a921e2bb2cea,photo,studying,heart,2/1/2021 6:48,positive,60,,,,,,
78d0075f-895c-4a15-a35c-a921e2bb2cea,photo,studying,disgust,12/7/2020 0:39,negative,0,,,,,,
78d0075f-895c-4a15-a35c-a921e2bb2cea,photo,studying,like,8/9/2020 19:37,positive,50,,,,,,
78d0075f-895c-4a15-a35c-a921e2bb2cea,photo,studying,worried,2/23/2021 18:03,negative,12,,,,,,
78d0075f-895c-4a15-a35c-a921e2bb2cea,photo,studying,scared,6/2/2021 6:53,negative,15,,,,,,
78d0075f-895c-4a15-a35c-a921e2bb2cea,photo,studying,heart,1/8/2021 19:20,positive,60,,,,,,
78d0075f-895c-4a15-a35c-a921e2bb2cea,photo,studying,like,12/3/2020 7:55,positive,50,,,,,,
78d0075f-895c-4a15-a35c-a921e2bb2cea,photo,studying,disgust,4/7/2021 22:07,negative,0,,,,,,
78d0075f-895c-4a15-a35c-a921e2bb2cea,photo,studying,disgust,7/6/2020 19:29,negative,0,,,,,,
78d0075f-895c-4a15-a35c-a921e2bb2cea,photo,studying,cherish,11/11/2020 14:07,positive,70,,,,,,
78d0075f-895c-4a15-a35c-a921e2bb2cea,photo,studying,intrigued,4/10/2021 21:27,positive,45,,,,,,
78d0075f-895c-4a15-a35c-a921e2bb2cea,photo,studying,indifferent,2/25/2021 17:26,neutral,20,,,,,,
78d0075f-895c-4a15-a35c-a921e2bb2cea,photo,studying,peeking,11/30/2020 17:57,neutral,35,,,,,,
78d0075f-895c-4a15-a35c-a921e2bb2cea,photo,studying,hate,11/25/2020 19:16,negative,5,,,,,,
78d0075f-895c-4a15-a35c-a921e2bb2cea,photo,studying,adore,6/8/2021 23:06,positive,72,,,,,,
bda0b065-7f8b-4d52-b7e9-fcc375cdab08,photo,travel,super love,12/27/2020 17:21,positive,75,,,,,,
bda0b065-7f8b-4d52-b7e9-fcc375cdab08,photo,travel,worried,5/21/2021 11:57,negative,12,,,,,,
bda0b065-7f8b-4d52-b7e9-fcc375cdab08,photo,travel,heart,2/24/2021 18:34,positive,60,,,,,,
bda0b065-7f8b-4d52-b7e9-fcc375cdab08,photo,travel,like,6/14/2021 17:44,positive,50,,,,,,
bda0b065-7f8b-4d52-b7e9-fcc375cdab08,photo,travel,heart,10/20/2020 15:14,positive,60,,,,,,
bda0b065-7f8b-4d52-b7e9-fcc375cdab08,photo,travel,want,12/9/2020 20:38,positive,70,,,,,,
bda0b065-7f8b-4d52-b7e9-fcc375cdab08,photo,travel,indifferent,2/1/2021 11:27,neutral,20,,,,,,
bda0b065-7f8b-4d52-b7e9-fcc375cdab08,photo,travel,love,12/6/2020 6:38,positive,65,,,,,,
bda0b065-7f8b-4d52-b7e9-fcc375cdab08,photo,travel,peeking,8/28/2020 15:56,neutral,35,,,,,,
bda0b065-7f8b-4d52-b7e9-fcc375cdab08,photo,travel,heart,10/12/2020 7:35,positive,60,,,,,,
bda0b065-7f8b-4d52-b7e9-fcc375cdab08,photo,travel,peeking,12/6/2020 22:28,neutral,35,,,,,,
bda0b065-7f8b-4d52-b7e9-fcc375cdab08,photo,travel,love,12/14/2020 10:46,positive,65,,,,,,
bda0b065-7f8b-4d52-b7e9-fcc375cdab08,photo,travel,disgust,9/11/2020 20:55,negative,0,,,,,,
bda0b065-7f8b-4d52-b7e9-fcc375cdab08,photo,travel,disgust,7/26/2020 11:28,negative,0,,,,,,
bda0b065-7f8b-4d52-b7e9-fcc375cdab08,photo,travel,adore,9/27/2020 17:24,positive,72,,,,,,
bda0b065-7f8b-4d52-b7e9-fcc375cdab08,photo,travel,want,11/4/2020 17:10,positive,70,,,,,,
bda0b065-7f8b-4d52-b7e9-fcc375cdab08,photo,travel,super love,12/18/2020 6:02,positive,75,,,,,,
bda0b065-7f8b-4d52-b7e9-fcc375cdab08,photo,travel,intrigued,12/20/2020 5:16,positive,45,,,,,,
bda0b065-7f8b-4d52-b7e9-fcc375cdab08,photo,travel,adore,4/3/2021 17:52,positive,72,,,,,,
bda0b065-7f8b-4d52-b7e9-fcc375cdab08,photo,travel,adore,1/16/2021 5:14,positive,72,,,,,,
bda0b065-7f8b-4d52-b7e9-fcc375cdab08,photo,travel,love,4/19/2021 1:27,positive,65,,,,,,
a4067fb5-3ba8-4f97-87c2-ddad5e4029c2,GIF,food,dislike,8/6/2020 13:32,negative,10,,,,,,
a4067fb5-3ba8-4f97-87c2-ddad5e4029c2,GIF,food,worried,5/5/2021 8:51,negative,12,,,,,,
a4067fb5-3ba8-4f97-87c2-ddad5e4029c2,GIF,food,indifferent,5/10/2021 20:46,neutral,20,,,,,,
a4067fb5-3ba8-4f97-87c2-ddad5e4029c2,GIF,food,interested,4/13/2021 21:53,positive,30,,,,,,
a4067fb5-3ba8-4f97-87c2-ddad5e4029c2,GIF,food,hate,12/28/2020 6:16,negative,5,,,,,,
a4067fb5-3ba8-4f97-87c2-ddad5e4029c2,GIF,food,peeking,2/3/2021 11:48,neutral,35,,,,,,
a4067fb5-3ba8-4f97-87c2-ddad5e4029c2,GIF,food,cherish,11/22/2020 19:07,positive,70,,,,,,
a4067fb5-3ba8-4f97-87c2-ddad5e4029c2,GIF,food,dislike,12/3/2020 11:55,negative,10,,,,,,
a4067fb5-3ba8-4f97-87c2-ddad5e4029c2,GIF,food,worried,9/10/2020 0:27,negative,12,,,,,,
a4067fb5-3ba8-4f97-87c2-ddad5e4029c2,GIF,food,interested,4/24/2021 11:29,positive,30,,,,,,
a4067fb5-3ba8-4f97-87c2-ddad5e4029c2,GIF,food,adore,10/12/2020 17:18,positive,72,,,,,,
a4067fb5-3ba8-4f97-87c2-ddad5e4029c2,GIF,food,love,2/24/2021 23:54,positive,65,,,,,,
a4067fb5-3ba8-4f97-87c2-ddad5e4029c2,GIF,food,love,11/1/2020 0:44,positive,65,,,,,,
a4067fb5-3ba8-4f97-87c2-ddad5e4029c2,GIF,food,adore,11/22/2020 17:16,positive,72,,,,,,
a4067fb5-3ba8-4f97-87c2-ddad5e4029c2,GIF,food,scared,8/14/2020 19:14,negative,15,,,,,,
a4067fb5-3ba8-4f97-87c2-ddad5e4029c2,GIF,food,intrigued,6/1/2021 13:54,positive,45,,,,,,
a4067fb5-3ba8-4f97-87c2-ddad5e4029c2,GIF,food,worried,6/22/2020 20:21,negative,12,,,,,,
a4067fb5-3ba8-4f97-87c2-ddad5e4029c2,GIF,food,cherish,12/31/2020 5:25,positive,70,,,,,,
a4067fb5-3ba8-4f97-87c2-ddad5e4029c2,GIF,food,worried,2/24/2021 9:21,negative,12,,,,,,
a4067fb5-3ba8-4f97-87c2-ddad5e4029c2,GIF,food,adore,7/20/2020 8:19,positive,72,,,,,,
a4067fb5-3ba8-4f97-87c2-ddad5e4029c2,GIF,food,hate,12/15/2020 2:38,negative,5,,,,,,
a4067fb5-3ba8-4f97-87c2-ddad5e4029c2,GIF,food,interested,1/18/2021 22:57,positive,30,,,,,,
a4067fb5-3ba8-4f97-87c2-ddad5e4029c2,GIF,food,love,7/29/2020 6:29,positive,65,,,,,,
a4067fb5-3ba8-4f97-87c2-ddad5e4029c2,GIF,food,heart,1/25/2021 6:02,positive,60,,,,,,
a4067fb5-3ba8-4f97-87c2-ddad5e4029c2,GIF,food,heart,12/22/2020 12:17,positive,60,,,,,,
a4067fb5-3ba8-4f97-87c2-ddad5e4029c2,GIF,food,scared,12/31/2020 9:10,negative,15,,,,,,
a4067fb5-3ba8-4f97-87c2-ddad5e4029c2,GIF,food,adore,11/30/2020 6:20,positive,72,,,,,,
a4067fb5-3ba8-4f97-87c2-ddad5e4029c2,GIF,food,interested,3/15/2021 20:37,positive,30,,,,,,
a4067fb5-3ba8-4f97-87c2-ddad5e4029c2,GIF,food,peeking,4/21/2021 10:50,neutral,35,,,,,,
a4067fb5-3ba8-4f97-87c2-ddad5e4029c2,GIF,food,interested,8/20/2020 14:35,positive,30,,,,,,
a4067fb5-3ba8-4f97-87c2-ddad5e4029c2,GIF,food,love,11/27/2020 10:15,positive,65,,,,,,
a4067fb5-3ba8-4f97-87c2-ddad5e4029c2,GIF,food,dislike,2/27/2021 7:34,negative,10,,,,,,
a4067fb5-3ba8-4f97-87c2-ddad5e4029c2,GIF,food,worried,5/16/2021 15:45,negative,12,,,,,,
a4067fb5-3ba8-4f97-87c2-ddad5e4029c2,GIF,food,peeking,9/16/2020 9:55,neutral,35,,,,,,
809b41e3-7a6f-4d80-84bf-f8d7b0e2d0e1,audio,dogs,cherish,1/20/2021 8:55,positive,70,,,,,,
809b41e3-7a6f-4d80-84bf-f8d7b0e2d0e1,audio,dogs,want,4/23/2021 18:00,positive,70,,,,,,
809b41e3-7a6f-4d80-84bf-f8d7b0e2d0e1,audio,dogs,heart,12/21/2020 21:36,positive,60,,,,,,
809b41e3-7a6f-4d80-84bf-f8d7b0e2d0e1,audio,dogs,like,5/7/2021 18:00,positive,50,,,,,,
809b41e3-7a6f-4d80-84bf-f8d7b0e2d0e1,audio,dogs,scared,5/23/2021 4:00,negative,15,,,,,,
809b41e3-7a6f-4d80-84bf-f8d7b0e2d0e1,audio,dogs,super love,5/31/2021 22:21,positive,75,,,,,,
809b41e3-7a6f-4d80-84bf-f8d7b0e2d0e1,audio,dogs,hate,5/5/2021 4:57,negative,5,,,,,,
809b41e3-7a6f-4d80-84bf-f8d7b0e2d0e1,audio,dogs,disgust,5/11/2021 3:04,negative,0,,,,,,
809b41e3-7a6f-4d80-84bf-f8d7b0e2d0e1,audio,dogs,heart,3/12/2021 12:19,positive,60,,,,,,
809b41e3-7a6f-4d80-84bf-f8d7b0e2d0e1,audio,dogs,hate,8/15/2020 22:11,negative,5,,,,,,
809b41e3-7a6f-4d80-84bf-f8d7b0e2d0e1,audio,dogs,adore,4/14/2021 15:46,positive,72,,,,,,
809b41e3-7a6f-4d80-84bf-f8d7b0e2d0e1,audio,dogs,indifferent,3/19/2021 4:10,neutral,20,,,,,,
809b41e3-7a6f-4d80-84bf-f8d7b0e2d0e1,audio,dogs,interested,8/17/2020 11:18,positive,30,,,,,,
809b41e3-7a6f-4d80-84bf-f8d7b0e2d0e1,audio,dogs,worried,12/10/2020 8:38,negative,12,,,,,,
34a3747a-0b77-42f6-ae19-87c38b94b674,GIF,science,interested,4/3/2021 9:24,positive,30,,,,,,
34a3747a-0b77-42f6-ae19-87c38b94b674,GIF,science,worried,3/19/2021 19:32,negative,12,,,,,,
34a3747a-0b77-42f6-ae19-87c38b94b674,GIF,science,love,5/18/2021 7:58,positive,65,,,,,,
34a3747a-0b77-42f6-ae19-87c38b94b674,GIF,science,cherish,3/14/2021 7:11,positive,70,,,,,,
34a3747a-0b77-42f6-ae19-87c38b94b674,GIF,science,adore,7/2/2020 11:39,positive,72,,,,,,
34a3747a-0b77-42f6-ae19-87c38b94b674,GIF,science,interested,9/19/2020 15:11,positive,30,,,,,,
34a3747a-0b77-42f6-ae19-87c38b94b674,GIF,science,love,4/5/2021 19:34,positive,65,,,,,,
34a3747a-0b77-42f6-ae19-87c38b94b674,GIF,science,love,5/27/2021 20:53,positive,65,,,,,,
34a3747a-0b77-42f6-ae19-87c38b94b674,GIF,science,intrigued,1/9/2021 20:40,positive,45,,,,,,
34a3747a-0b77-42f6-ae19-87c38b94b674,GIF,science,adore,4/15/2021 14:51,positive,72,,,,,,
34a3747a-0b77-42f6-ae19-87c38b94b674,GIF,science,like,9/7/2020 1:45,positive,50,,,,,,
34a3747a-0b77-42f6-ae19-87c38b94b674,GIF,science,love,11/23/2020 5:19,positive,65,,,,,,
34a3747a-0b77-42f6-ae19-87c38b94b674,GIF,science,adore,5/13/2021 3:52,positive,72,,,,,,
34a3747a-0b77-42f6-ae19-87c38b94b674,GIF,science,interested,3/1/2021 20:21,positive,30,,,,,,
34a3747a-0b77-42f6-ae19-87c38b94b674,GIF,science,cherish,8/17/2020 16:53,positive,70,,,,,,
34a3747a-0b77-42f6-ae19-87c38b94b674,GIF,science,indifferent,6/30/2020 10:29,neutral,20,,,,,,
34a3747a-0b77-42f6-ae19-87c38b94b674,GIF,science,indifferent,4/30/2021 2:55,neutral,20,,,,,,
34a3747a-0b77-42f6-ae19-87c38b94b674,GIF,science,indifferent,8/9/2020 10:14,neutral,20,,,,,,
34a3747a-0b77-42f6-ae19-87c38b94b674,GIF,science,scared,1/31/2021 14:19,negative,15,,,,,,
34a3747a-0b77-42f6-ae19-87c38b94b674,GIF,science,heart,8/17/2020 10:20,positive,60,,,,,,
34a3747a-0b77-42f6-ae19-87c38b94b674,GIF,science,hate,2/21/2021 17:06,negative,5,,,,,,
34a3747a-0b77-42f6-ae19-87c38b94b674,GIF,science,interested,10/19/2020 18:27,positive,30,,,,,,
34a3747a-0b77-42f6-ae19-87c38b94b674,GIF,science,peeking,6/18/2021 1:10,neutral,35,,,,,,
34a3747a-0b77-42f6-ae19-87c38b94b674,GIF,science,like,9/3/2020 13:24,positive,50,,,,,,
34a3747a-0b77-42f6-ae19-87c38b94b674,GIF,science,heart,3/9/2021 12:10,positive,60,,,,,,
34a3747a-0b77-42f6-ae19-87c38b94b674,GIF,science,peeking,6/23/2020 21:54,neutral,35,,,,,,
34a3747a-0b77-42f6-ae19-87c38b94b674,GIF,science,peeking,3/18/2021 13:28,neutral,35,,,,,,
34a3747a-0b77-42f6-ae19-87c38b94b674,GIF,science,heart,9/6/2020 17:27,positive,60,,,,,,
34a3747a-0b77-42f6-ae19-87c38b94b674,GIF,science,disgust,4/28/2021 7:00,negative,0,,,,,,
34a3747a-0b77-42f6-ae19-87c38b94b674,GIF,science,disgust,8/5/2020 15:37,negative,0,,,,,,
34a3747a-0b77-42f6-ae19-87c38b94b674,GIF,science,peeking,3/4/2021 21:16,neutral,35,,,,,,
34a3747a-0b77-42f6-ae19-87c38b94b674,GIF,science,love,10/12/2020 5:59,positive,65,,,,,,
34a3747a-0b77-42f6-ae19-87c38b94b674,GIF,science,love,5/7/2021 4:02,positive,65,,,,,,
34a3747a-0b77-42f6-ae19-87c38b94b674,GIF,science,heart,7/20/2020 4:52,positive,60,,,,,,
34a3747a-0b77-42f6-ae19-87c38b94b674,GIF,science,adore,4/29/2021 9:59,positive,72,,,,,,
34a3747a-0b77-42f6-ae19-87c38b94b674,GIF,science,hate,4/29/2021 6:42,negative,5,,,,,,
34a3747a-0b77-42f6-ae19-87c38b94b674,GIF,science,dislike,2/13/2021 18:54,negative,10,,,,,,
34a3747a-0b77-42f6-ae19-87c38b94b674,GIF,science,indifferent,8/23/2020 13:12,neutral,20,,,,,,
34a3747a-0b77-42f6-ae19-87c38b94b674,GIF,science,cherish,10/9/2020 19:16,positive,70,,,,,,
34a3747a-0b77-42f6-ae19-87c38b94b674,GIF,science,want,6/8/2021 15:13,positive,70,,,,,,
34a3747a-0b77-42f6-ae19-87c38b94b674,GIF,science,worried,11/17/2020 18:45,negative,12,,,,,,
34a3747a-0b77-42f6-ae19-87c38b94b674,GIF,science,worried,4/18/2021 0:54,negative,12,,,,,,
34a3747a-0b77-42f6-ae19-87c38b94b674,GIF,science,adore,1/14/2021 9:05,positive,72,,,,,,
34a3747a-0b77-42f6-ae19-87c38b94b674,GIF,science,intrigued,5/14/2021 17:54,positive,45,,,,,,
34a3747a-0b77-42f6-ae19-87c38b94b674,GIF,science,hate,8/24/2020 14:46,negative,5,,,,,,
34a3747a-0b77-42f6-ae19-87c38b94b674,GIF,science,hate,2/14/2021 18:33,negative,5,,,,,,
2920dccb-e06f-49fc-8049-b6d4164dfe84,GIF,veganism,adore,2/23/2021 1:14,positive,72,,,,,,
2920dccb-e06f-49fc-8049-b6d4164dfe84,GIF,veganism,disgust,7/21/2020 9:23,negative,0,,,,,,
2920dccb-e06f-49fc-8049-b6d4164dfe84,GIF,veganism,intrigued,1/17/2021 23:46,positive,45,,,,,,
2920dccb-e06f-49fc-8049-b6d4164dfe84,GIF,veganism,hate,5/19/2021 10:39,negative,5,,,,,,
2920dccb-e06f-49fc-8049-b6d4164dfe84,GIF,veganism,worried,10/29/2020 13:22,negative,12,,,,,,
2920dccb-e06f-49fc-8049-b6d4164dfe84,GIF,veganism,dislike,7/20/2020 16:35,negative,10,,,,,,
2920dccb-e06f-49fc-8049-b6d4164dfe84,GIF,veganism,intrigued,3/14/2021 19:23,positive,45,,,,,,
2920dccb-e06f-49fc-8049-b6d4164dfe84,GIF,veganism,peeking,7/29/2020 21:13,neutral,35,,,,,,
2920dccb-e06f-49fc-8049-b6d4164dfe84,GIF,veganism,worried,1/9/2021 11:20,negative,12,,,,,,
2920dccb-e06f-49fc-8049-b6d4164dfe84,GIF,veganism,like,6/27/2020 17:59,positive,50,,,,,,
2920dccb-e06f-49fc-8049-b6d4164dfe84,GIF,veganism,scared,12/7/2020 11:41,negative,15,,,,,,
2920dccb-e06f-49fc-8049-b6d4164dfe84,GIF,veganism,peeking,5/10/2021 11:45,neutral,35,,,,,,
2920dccb-e06f-49fc-8049-b6d4164dfe84,GIF,veganism,interested,2/4/2021 11:26,positive,30,,,,,,
2920dccb-e06f-49fc-8049-b6d4164dfe84,GIF,veganism,heart,9/30/2020 18:21,positive,60,,,,,,
2920dccb-e06f-49fc-8049-b6d4164dfe84,GIF,veganism,worried,2/2/2021 9:22,negative,12,,,,,,
2920dccb-e06f-49fc-8049-b6d4164dfe84,GIF,veganism,want,5/3/2021 18:01,positive,70,,,,,,
2920dccb-e06f-49fc-8049-b6d4164dfe84,GIF,veganism,like,5/10/2021 19:45,positive,50,,,,,,
2920dccb-e06f-49fc-8049-b6d4164dfe84,GIF,veganism,super love,10/7/2020 13:22,positive,75,,,,,,
2920dccb-e06f-49fc-8049-b6d4164dfe84,GIF,veganism,indifferent,10/25/2020 17:21,neutral,20,,,,,,
2920dccb-e06f-49fc-8049-b6d4164dfe84,GIF,veganism,scared,4/10/2021 18:40,negative,15,,,,,,
2920dccb-e06f-49fc-8049-b6d4164dfe84,GIF,veganism,hate,1/3/2021 20:01,negative,5,,,,,,
2920dccb-e06f-49fc-8049-b6d4164dfe84,GIF,veganism,like,4/29/2021 4:36,positive,50,,,,,,
2920dccb-e06f-49fc-8049-b6d4164dfe84,GIF,veganism,heart,5/7/2021 14:55,positive,60,,,,,,
2920dccb-e06f-49fc-8049-b6d4164dfe84,GIF,veganism,intrigued,2/9/2021 8:21,positive,45,,,,,,
2920dccb-e06f-49fc-8049-b6d4164dfe84,GIF,veganism,love,1/2/2021 2:38,positive,65,,,,,,
2920dccb-e06f-49fc-8049-b6d4164dfe84,GIF,veganism,love,8/2/2020 11:25,positive,65,,,,,,
2920dccb-e06f-49fc-8049-b6d4164dfe84,GIF,veganism,heart,1/11/2021 10:46,positive,60,,,,,,
2920dccb-e06f-49fc-8049-b6d4164dfe84,GIF,veganism,adore,11/26/2020 18:31,positive,72,,,,,,
2920dccb-e06f-49fc-8049-b6d4164dfe84,GIF,veganism,like,11/14/2020 16:47,positive,50,,,,,,
2920dccb-e06f-49fc-8049-b6d4164dfe84,GIF,veganism,indifferent,8/16/2020 2:17,neutral,20,,,,,,
2920dccb-e06f-49fc-8049-b6d4164dfe84,GIF,veganism,worried,9/28/2020 3:59,negative,12,,,,,,
2920dccb-e06f-49fc-8049-b6d4164dfe84,GIF,veganism,peeking,4/12/2021 15:08,neutral,35,,,,,,
2920dccb-e06f-49fc-8049-b6d4164dfe84,GIF,veganism,disgust,6/21/2020 14:10,negative,0,,,,,,
2920dccb-e06f-49fc-8049-b6d4164dfe84,GIF,veganism,indifferent,2/11/2021 0:21,neutral,20,,,,,,
2920dccb-e06f-49fc-8049-b6d4164dfe84,GIF,veganism,dislike,1/12/2021 21:32,negative,10,,,,,,
2920dccb-e06f-49fc-8049-b6d4164dfe84,GIF,veganism,love,4/18/2021 18:04,positive,65,,,,,,
2920dccb-e06f-49fc-8049-b6d4164dfe84,GIF,veganism,cherish,3/29/2021 21:05,positive,70,,,,,,
2920dccb-e06f-49fc-8049-b6d4164dfe84,GIF,veganism,super love,8/27/2020 23:25,positive,75,,,,,,
2920dccb-e06f-49fc-8049-b6d4164dfe84,GIF,veganism,interested,3/14/2021 5:20,positive,30,,,,,,
2920dccb-e06f-49fc-8049-b6d4164dfe84,GIF,veganism,adore,2/14/2021 11:57,positive,72,,,,,,
f4e3840e-bb71-40c2-afc5-9408d842646d,photo,healthy eating,cherish,6/28/2020 7:53,positive,70,,,,,,
f4e3840e-bb71-40c2-afc5-9408d842646d,photo,healthy eating,adore,12/9/2020 23:38,positive,72,,,,,,
f4e3840e-bb71-40c2-afc5-9408d842646d,photo,healthy eating,hate,3/27/2021 5:17,negative,5,,,,,,
f4e3840e-bb71-40c2-afc5-9408d842646d,photo,healthy eating,super love,4/17/2021 18:59,positive,75,,,,,,
f4e3840e-bb71-40c2-afc5-9408d842646d,photo,healthy eating,adore,7/5/2020 19:22,positive,72,,,,,,
f4e3840e-bb71-40c2-afc5-9408d842646d,photo,healthy eating,dislike,5/8/2021 7:39,negative,10,,,,,,
f4e3840e-bb71-40c2-afc5-9408d842646d,photo,healthy eating,like,10/2/2020 0:45,positive,50,,,,,,
f4e3840e-bb71-40c2-afc5-9408d842646d,photo,healthy eating,interested,1/4/2021 4:40,positive,30,,,,,,
f4e3840e-bb71-40c2-afc5-9408d842646d,photo,healthy eating,intrigued,6/6/2021 18:49,positive,45,,,,,,
f4e3840e-bb71-40c2-afc5-9408d842646d,photo,healthy eating,dislike,12/6/2020 18:13,negative,10,,,,,,
f4e3840e-bb71-40c2-afc5-9408d842646d,photo,healthy eating,super love,10/2/2020 1:50,positive,75,,,,,,
f4e3840e-bb71-40c2-afc5-9408d842646d,photo,healthy eating,cherish,11/2/2020 14:43,positive,70,,,,,,
f4e3840e-bb71-40c2-afc5-9408d842646d,photo,healthy eating,worried,12/10/2020 8:47,negative,12,,,,,,
f4e3840e-bb71-40c2-afc5-9408d842646d,photo,healthy eating,want,4/15/2021 4:37,positive,70,,,,,,
f4e3840e-bb71-40c2-afc5-9408d842646d,photo,healthy eating,hate,12/13/2020 0:43,negative,5,,,,,,
f4e3840e-bb71-40c2-afc5-9408d842646d,photo,healthy eating,super love,6/21/2020 13:09,positive,75,,,,,,
f4e3840e-bb71-40c2-afc5-9408d842646d,photo,healthy eating,scared,8/18/2020 11:34,negative,15,,,,,,
f4e3840e-bb71-40c2-afc5-9408d842646d,photo,healthy eating,adore,3/19/2021 21:35,positive,72,,,,,,
f4e3840e-bb71-40c2-afc5-9408d842646d,photo,healthy eating,disgust,3/8/2021 2:51,negative,0,,,,,,
f4e3840e-bb71-40c2-afc5-9408d842646d,photo,healthy eating,cherish,11/26/2020 16:05,positive,70,,,,,,
f4e3840e-bb71-40c2-afc5-9408d842646d,photo,healthy eating,want,2/20/2021 5:52,positive,70,,,,,,
f4e3840e-bb71-40c2-afc5-9408d842646d,photo,healthy eating,peeking,12/22/2020 11:15,neutral,35,,,,,,
f4e3840e-bb71-40c2-afc5-9408d842646d,photo,healthy eating,super love,3/25/2021 13:06,positive,75,,,,,,
f4e3840e-bb71-40c2-afc5-9408d842646d,photo,healthy eating,indifferent,8/26/2020 19:10,neutral,20,,,,,,
f4e3840e-bb71-40c2-afc5-9408d842646d,photo,healthy eating,worried,12/7/2020 6:14,negative,12,,,,,,
f4e3840e-bb71-40c2-afc5-9408d842646d,photo,healthy eating,adore,4/2/2021 19:50,positive,72,,,,,,
f4e3840e-bb71-40c2-afc5-9408d842646d,photo,healthy eating,dislike,4/23/2021 11:45,negative,10,,,,,,
f4e3840e-bb71-40c2-afc5-9408d842646d,photo,healthy eating,worried,12/23/2020 18:50,negative,12,,,,,,
a2ff9bf2-1fa6-4001-9566-f597f8e754ef,video,food,intrigued,9/3/2020 17:05,positive,45,,,,,,
a2ff9bf2-1fa6-4001-9566-f597f8e754ef,video,food,indifferent,3/9/2021 7:35,neutral,20,,,,,,
a2ff9bf2-1fa6-4001-9566-f597f8e754ef,video,food,want,12/17/2020 4:03,positive,70,,,,,,
a2ff9bf2-1fa6-4001-9566-f597f8e754ef,video,food,cherish,10/11/2020 5:56,positive,70,,,,,,
a2ff9bf2-1fa6-4001-9566-f597f8e754ef,video,food,cherish,11/23/2020 18:07,positive,70,,,,,,
a2ff9bf2-1fa6-4001-9566-f597f8e754ef,video,food,cherish,3/25/2021 1:29,positive,70,,,,,,
a2ff9bf2-1fa6-4001-9566-f597f8e754ef,video,food,disgust,2/21/2021 8:37,negative,0,,,,,,
a2ff9bf2-1fa6-4001-9566-f597f8e754ef,video,food,dislike,9/9/2020 7:25,negative,10,,,,,,
a2ff9bf2-1fa6-4001-9566-f597f8e754ef,video,food,love,5/10/2021 0:06,positive,65,,,,,,
a2ff9bf2-1fa6-4001-9566-f597f8e754ef,video,food,adore,10/9/2020 4:55,positive,72,,,,,,
a2ff9bf2-1fa6-4001-9566-f597f8e754ef,video,food,indifferent,9/1/2020 10:45,neutral,20,,,,,,
a2ff9bf2-1fa6-4001-9566-f597f8e754ef,video,food,intrigued,9/22/2020 9:51,positive,45,,,,,,
a2ff9bf2-1fa6-4001-9566-f597f8e754ef,video,food,heart,12/11/2020 1:37,positive,60,,,,,,
a2ff9bf2-1fa6-4001-9566-f597f8e754ef,video,food,peeking,5/25/2021 6:06,neutral,35,,,,,,
a2ff9bf2-1fa6-4001-9566-f597f8e754ef,video,food,love,11/18/2020 20:32,positive,65,,,,,,
a2ff9bf2-1fa6-4001-9566-f597f8e754ef,video,food,indifferent,6/1/2021 12:27,neutral,20,,,,,,
a2ff9bf2-1fa6-4001-9566-f597f8e754ef,video,food,worried,8/17/2020 21:00,negative,12,,,,,,
a2ff9bf2-1fa6-4001-9566-f597f8e754ef,video,food,love,3/9/2021 10:29,positive,65,,,,,,
a2ff9bf2-1fa6-4001-9566-f597f8e754ef,video,food,like,12/11/2020 10:43,positive,50,,,,,,
a2ff9bf2-1fa6-4001-9566-f597f8e754ef,video,food,love,2/23/2021 23:48,positive,65,,,,,,
a2ff9bf2-1fa6-4001-9566-f597f8e754ef,video,food,dislike,10/2/2020 21:47,negative,10,,,,,,
a2ff9bf2-1fa6-4001-9566-f597f8e754ef,video,food,hate,4/14/2021 3:24,negative,5,,,,,,
a2ff9bf2-1fa6-4001-9566-f597f8e754ef,video,food,indifferent,11/11/2020 11:26,neutral,20,,,,,,
a2ff9bf2-1fa6-4001-9566-f597f8e754ef,video,food,disgust,12/4/2020 13:10,negative,0,,,,,,
a2ff9bf2-1fa6-4001-9566-f597f8e754ef,video,food,worried,3/2/2021 10:11,negative,12,,,,,,
74718bbf-e5a3-442f-8ca2-4a3428757fc1,video,dogs,heart,10/18/2020 5:43,positive,60,,,,,,
74718bbf-e5a3-442f-8ca2-4a3428757fc1,video,dogs,disgust,12/22/2020 19:44,negative,0,,,,,,
74718bbf-e5a3-442f-8ca2-4a3428757fc1,video,dogs,peeking,12/7/2020 7:22,neutral,35,,,,,,
74718bbf-e5a3-442f-8ca2-4a3428757fc1,video,dogs,dislike,9/12/2020 15:36,negative,10,,,,,,
74718bbf-e5a3-442f-8ca2-4a3428757fc1,video,dogs,scared,6/8/2021 21:29,negative,15,,,,,,
74718bbf-e5a3-442f-8ca2-4a3428757fc1,video,dogs,hate,4/17/2021 17:26,negative,5,,,,,,
74718bbf-e5a3-442f-8ca2-4a3428757fc1,video,dogs,interested,1/30/2021 20:09,positive,30,,,,,,
74718bbf-e5a3-442f-8ca2-4a3428757fc1,video,dogs,cherish,11/27/2020 20:16,positive,70,,,,,,
74718bbf-e5a3-442f-8ca2-4a3428757fc1,video,dogs,love,1/27/2021 5:51,positive,65,,,,,,
74718bbf-e5a3-442f-8ca2-4a3428757fc1,video,dogs,indifferent,8/3/2020 9:02,neutral,20,,,,,,
74718bbf-e5a3-442f-8ca2-4a3428757fc1,video,dogs,indifferent,6/30/2020 22:30,neutral,20,,,,,,
74718bbf-e5a3-442f-8ca2-4a3428757fc1,video,dogs,want,11/25/2020 2:16,positive,70,,,,,,
74718bbf-e5a3-442f-8ca2-4a3428757fc1,video,dogs,heart,1/30/2021 3:07,positive,60,,,,,,
74718bbf-e5a3-442f-8ca2-4a3428757fc1,video,dogs,heart,9/17/2020 9:32,positive,60,,,,,,
74718bbf-e5a3-442f-8ca2-4a3428757fc1,video,dogs,super love,2/15/2021 9:38,positive,75,,,,,,
74718bbf-e5a3-442f-8ca2-4a3428757fc1,video,dogs,adore,9/21/2020 12:23,positive,72,,,,,,
74718bbf-e5a3-442f-8ca2-4a3428757fc1,video,dogs,worried,6/7/2021 3:26,negative,12,,,,,,
74718bbf-e5a3-442f-8ca2-4a3428757fc1,video,dogs,hate,8/17/2020 8:57,negative,5,,,,,,
74718bbf-e5a3-442f-8ca2-4a3428757fc1,video,dogs,hate,12/20/2020 5:07,negative,5,,,,,,
74718bbf-e5a3-442f-8ca2-4a3428757fc1,video,dogs,super love,2/15/2021 23:04,positive,75,,,,,,
74718bbf-e5a3-442f-8ca2-4a3428757fc1,video,dogs,like,11/16/2020 16:06,positive,50,,,,,,
74718bbf-e5a3-442f-8ca2-4a3428757fc1,video,dogs,disgust,7/8/2020 10:18,negative,0,,,,,,
74718bbf-e5a3-442f-8ca2-4a3428757fc1,video,dogs,like,11/6/2020 15:34,positive,50,,,,,,
74718bbf-e5a3-442f-8ca2-4a3428757fc1,video,dogs,indifferent,5/23/2021 16:37,neutral,20,,,,,,
74718bbf-e5a3-442f-8ca2-4a3428757fc1,video,dogs,scared,10/7/2020 9:16,negative,15,,,,,,
74718bbf-e5a3-442f-8ca2-4a3428757fc1,video,dogs,want,9/1/2020 22:33,positive,70,,,,,,
74718bbf-e5a3-442f-8ca2-4a3428757fc1,video,dogs,heart,3/17/2021 16:26,positive,60,,,,,,
74718bbf-e5a3-442f-8ca2-4a3428757fc1,video,dogs,adore,6/24/2020 21:45,positive,72,,,,,,
74718bbf-e5a3-442f-8ca2-4a3428757fc1,video,dogs,cherish,7/20/2020 9:08,positive,70,,,,,,
74718bbf-e5a3-442f-8ca2-4a3428757fc1,video,dogs,love,12/25/2020 21:27,positive,65,,,,,,
74718bbf-e5a3-442f-8ca2-4a3428757fc1,video,dogs,super love,11/8/2020 3:05,positive,75,,,,,,
74718bbf-e5a3-442f-8ca2-4a3428757fc1,video,dogs,indifferent,2/18/2021 10:43,neutral,20,,,,,,
74718bbf-e5a3-442f-8ca2-4a3428757fc1,video,dogs,like,2/1/2021 11:49,positive,50,,,,,,
74718bbf-e5a3-442f-8ca2-4a3428757fc1,video,dogs,disgust,10/22/2020 15:01,negative,0,,,,,,
89fd8f89-807f-4076-b7e7-84db361e11c1,audio,studying,intrigued,9/9/2020 0:41,positive,45,,,,,,
89fd8f89-807f-4076-b7e7-84db361e11c1,audio,studying,intrigued,7/5/2020 10:43,positive,45,,,,,,
89fd8f89-807f-4076-b7e7-84db361e11c1,audio,studying,hate,4/7/2021 20:19,negative,5,,,,,,
02fa1c4f-722d-46d2-a85e-e5b136b5f3bc,video,cooking,disgust,1/17/2021 23:43,negative,0,,,,,,
02fa1c4f-722d-46d2-a85e-e5b136b5f3bc,video,cooking,disgust,6/23/2020 11:28,negative,0,,,,,,
02fa1c4f-722d-46d2-a85e-e5b136b5f3bc,video,cooking,dislike,10/22/2020 9:15,negative,10,,,,,,
02fa1c4f-722d-46d2-a85e-e5b136b5f3bc,video,cooking,adore,3/10/2021 18:08,positive,72,,,,,,
02fa1c4f-722d-46d2-a85e-e5b136b5f3bc,video,cooking,worried,12/28/2020 9:05,negative,12,,,,,,
02fa1c4f-722d-46d2-a85e-e5b136b5f3bc,video,cooking,hate,5/19/2021 11:51,negative,5,,,,,,
02fa1c4f-722d-46d2-a85e-e5b136b5f3bc,video,cooking,adore,5/4/2021 21:19,positive,72,,,,,,
02fa1c4f-722d-46d2-a85e-e5b136b5f3bc,video,cooking,hate,12/26/2020 13:56,negative,5,,,,,,
02fa1c4f-722d-46d2-a85e-e5b136b5f3bc,video,cooking,worried,1/23/2021 11:26,negative,12,,,,,,
02fa1c4f-722d-46d2-a85e-e5b136b5f3bc,video,cooking,intrigued,9/23/2020 11:14,positive,45,,,,,,
02fa1c4f-722d-46d2-a85e-e5b136b5f3bc,video,cooking,interested,11/3/2020 4:22,positive,30,,,,,,
02fa1c4f-722d-46d2-a85e-e5b136b5f3bc,video,cooking,super love,9/2/2020 0:42,positive,75,,,,,,
02fa1c4f-722d-46d2-a85e-e5b136b5f3bc,video,cooking,dislike,12/11/2020 9:58,negative,10,,,,,,
02fa1c4f-722d-46d2-a85e-e5b136b5f3bc,video,cooking,heart,1/14/2021 0:16,positive,60,,,,,,
02fa1c4f-722d-46d2-a85e-e5b136b5f3bc,video,cooking,super love,10/16/2020 14:01,positive,75,,,,,,
02fa1c4f-722d-46d2-a85e-e5b136b5f3bc,video,cooking,dislike,2/3/2021 8:07,negative,10,,,,,,
02fa1c4f-722d-46d2-a85e-e5b136b5f3bc,video,cooking,worried,12/15/2020 7:10,negative,12,,,,,,
02fa1c4f-722d-46d2-a85e-e5b136b5f3bc,video,cooking,dislike,10/10/2020 22:18,negative,10,,,,,,
02fa1c4f-722d-46d2-a85e-e5b136b5f3bc,video,cooking,heart,3/23/2021 19:44,positive,60,,,,,,
02fa1c4f-722d-46d2-a85e-e5b136b5f3bc,video,cooking,heart,5/30/2021 7:14,positive,60,,,,,,
02fa1c4f-722d-46d2-a85e-e5b136b5f3bc,video,cooking,indifferent,7/24/2020 12:25,neutral,20,,,,,,
02fa1c4f-722d-46d2-a85e-e5b136b5f3bc,video,cooking,hate,2/5/2021 19:47,negative,5,,,,,,
02fa1c4f-722d-46d2-a85e-e5b136b5f3bc,video,cooking,interested,2/9/2021 4:51,positive,30,,,,,,
02fa1c4f-722d-46d2-a85e-e5b136b5f3bc,video,cooking,adore,10/4/2020 22:03,positive,72,,,,,,
02fa1c4f-722d-46d2-a85e-e5b136b5f3bc,video,cooking,intrigued,1/15/2021 21:57,positive,45,,,,,,
02fa1c4f-722d-46d2-a85e-e5b136b5f3bc,video,cooking,interested,6/24/2020 1:16,positive,30,,,,,,
02fa1c4f-722d-46d2-a85e-e5b136b5f3bc,video,cooking,indifferent,7/2/2020 22:14,neutral,20,,,,,,
02fa1c4f-722d-46d2-a85e-e5b136b5f3bc,video,cooking,hate,2/16/2021 12:59,negative,5,,,,,,
02fa1c4f-722d-46d2-a85e-e5b136b5f3bc,video,cooking,like,1/1/2021 1:06,positive,50,,,,,,
02fa1c4f-722d-46d2-a85e-e5b136b5f3bc,video,cooking,heart,4/16/2021 5:04,positive,60,,,,,,
eec5e521-4c28-4e8a-93a9-d544803fad7e,audio,food,dislike,6/22/2020 5:26,negative,10,,,,,,
eec5e521-4c28-4e8a-93a9-d544803fad7e,audio,food,like,3/7/2021 22:58,positive,50,,,,,,
eec5e521-4c28-4e8a-93a9-d544803fad7e,audio,food,intrigued,6/13/2021 16:33,positive,45,,,,,,
eec5e521-4c28-4e8a-93a9-d544803fad7e,audio,food,worried,11/29/2020 17:52,negative,12,,,,,,
eec5e521-4c28-4e8a-93a9-d544803fad7e,audio,food,hate,9/16/2020 6:44,negative,5,,,,,,
eec5e521-4c28-4e8a-93a9-d544803fad7e,audio,food,peeking,1/25/2021 20:18,neutral,35,,,,,,
eec5e521-4c28-4e8a-93a9-d544803fad7e,audio,food,peeking,8/5/2020 20:00,neutral,35,,,,,,
eec5e521-4c28-4e8a-93a9-d544803fad7e,audio,food,interested,8/13/2020 18:17,positive,30,,,,,,
eec5e521-4c28-4e8a-93a9-d544803fad7e,audio,food,intrigued,10/21/2020 0:53,positive,45,,,,,,
eec5e521-4c28-4e8a-93a9-d544803fad7e,audio,food,peeking,8/13/2020 11:18,neutral,35,,,,,,
eec5e521-4c28-4e8a-93a9-d544803fad7e,audio,food,cherish,1/3/2021 15:07,positive,70,,,,,,
eec5e521-4c28-4e8a-93a9-d544803fad7e,audio,food,hate,11/11/2020 12:09,negative,5,,,,,,
eec5e521-4c28-4e8a-93a9-d544803fad7e,audio,food,super love,1/30/2021 7:11,positive,75,,,,,,
eec5e521-4c28-4e8a-93a9-d544803fad7e,audio,food,scared,3/25/2021 14:56,negative,15,,,,,,
eec5e521-4c28-4e8a-93a9-d544803fad7e,audio,food,interested,8/26/2020 19:33,positive,30,,,,,,
eec5e521-4c28-4e8a-93a9-d544803fad7e,audio,food,want,2/28/2021 2:47,positive,70,,,,,,
eec5e521-4c28-4e8a-93a9-d544803fad7e,audio,food,hate,7/10/2020 14:19,negative,5,,,,,,
eec5e521-4c28-4e8a-93a9-d544803fad7e,audio,food,scared,8/18/2020 9:56,negative,15,,,,,,
eec5e521-4c28-4e8a-93a9-d544803fad7e,audio,food,dislike,7/22/2020 20:32,negative,10,,,,,,
eec5e521-4c28-4e8a-93a9-d544803fad7e,audio,food,cherish,10/15/2020 4:11,positive,70,,,,,,
eec5e521-4c28-4e8a-93a9-d544803fad7e,audio,food,interested,10/22/2020 19:08,positive,30,,,,,,
eec5e521-4c28-4e8a-93a9-d544803fad7e,audio,food,worried,7/4/2020 12:35,negative,12,,,,,,
eec5e521-4c28-4e8a-93a9-d544803fad7e,audio,food,super love,8/12/2020 21:47,positive,75,,,,,,
eec5e521-4c28-4e8a-93a9-d544803fad7e,audio,food,hate,12/12/2020 13:04,negative,5,,,,,,
eec5e521-4c28-4e8a-93a9-d544803fad7e,audio,food,love,3/27/2021 20:10,positive,65,,,,,,
eec5e521-4c28-4e8a-93a9-d544803fad7e,audio,food,intrigued,4/18/2021 6:34,positive,45,,,,,,
eec5e521-4c28-4e8a-93a9-d544803fad7e,audio,food,peeking,11/29/2020 9:38,neutral,35,,,,,,
eec5e521-4c28-4e8a-93a9-d544803fad7e,audio,food,worried,7/17/2020 5:35,negative,12,,,,,,
eec5e521-4c28-4e8a-93a9-d544803fad7e,audio,food,want,10/1/2020 4:13,positive,70,,,,,,
eec5e521-4c28-4e8a-93a9-d544803fad7e,audio,food,hate,6/4/2021 17:31,negative,5,,,,,,
eec5e521-4c28-4e8a-93a9-d544803fad7e,audio,food,cherish,11/22/2020 16:02,positive,70,,,,,,
eec5e521-4c28-4e8a-93a9-d544803fad7e,audio,food,worried,11/1/2020 3:02,negative,12,,,,,,
eec5e521-4c28-4e8a-93a9-d544803fad7e,audio,food,disgust,10/10/2020 23:55,negative,0,,,,,,
eec5e521-4c28-4e8a-93a9-d544803fad7e,audio,food,like,8/2/2020 5:53,positive,50,,,,,,
eec5e521-4c28-4e8a-93a9-d544803fad7e,audio,food,intrigued,11/12/2020 20:23,positive,45,,,,,,
eec5e521-4c28-4e8a-93a9-d544803fad7e,audio,food,love,1/25/2021 20:58,positive,65,,,,,,
eec5e521-4c28-4e8a-93a9-d544803fad7e,audio,food,hate,2/12/2021 12:06,negative,5,,,,,,
eec5e521-4c28-4e8a-93a9-d544803fad7e,audio,food,want,8/18/2020 3:41,positive,70,,,,,,
07f88a73-aef2-45fd-8b5d-418e448b853d,GIF,Animals,cherish,3/12/2021 16:22,positive,70,,,,,,
07f88a73-aef2-45fd-8b5d-418e448b853d,GIF,Animals,intrigued,10/17/2020 10:20,positive,45,,,,,,
07f88a73-aef2-45fd-8b5d-418e448b853d,GIF,Animals,like,12/19/2020 16:42,positive,50,,,,,,
07f88a73-aef2-45fd-8b5d-418e448b853d,GIF,Animals,love,5/31/2021 5:46,positive,65,,,,,,
07f88a73-aef2-45fd-8b5d-418e448b853d,GIF,Animals,hate,12/27/2020 3:37,negative,5,,,,,,
07f88a73-aef2-45fd-8b5d-418e448b853d,GIF,Animals,scared,5/24/2021 20:32,negative,15,,,,,,
07f88a73-aef2-45fd-8b5d-418e448b853d,GIF,Animals,hate,1/19/2021 22:28,negative,5,,,,,,
07f88a73-aef2-45fd-8b5d-418e448b853d,GIF,Animals,cherish,3/2/2021 14:45,positive,70,,,,,,
07f88a73-aef2-45fd-8b5d-418e448b853d,GIF,Animals,adore,2/12/2021 16:37,positive,72,,,,,,
49367a0f-1fd5-4417-a7c9-4a154e1ae0ad,photo,technology,scared,2/26/2021 21:35,negative,15,,,,,,
49367a0f-1fd5-4417-a7c9-4a154e1ae0ad,photo,technology,heart,5/30/2021 10:00,positive,60,,,,,,
49367a0f-1fd5-4417-a7c9-4a154e1ae0ad,photo,technology,scared,2/24/2021 17:09,negative,15,,,,,,
49367a0f-1fd5-4417-a7c9-4a154e1ae0ad,photo,technology,love,1/8/2021 15:13,positive,65,,,,,,
49367a0f-1fd5-4417-a7c9-4a154e1ae0ad,photo,technology,interested,10/13/2020 12:54,positive,30,,,,,,
49367a0f-1fd5-4417-a7c9-4a154e1ae0ad,photo,technology,heart,7/8/2020 11:52,positive,60,,,,,,
49367a0f-1fd5-4417-a7c9-4a154e1ae0ad,photo,technology,adore,2/16/2021 12:11,positive,72,,,,,,
49367a0f-1fd5-4417-a7c9-4a154e1ae0ad,photo,technology,disgust,8/1/2020 8:00,negative,0,,,,,,
49367a0f-1fd5-4417-a7c9-4a154e1ae0ad,photo,technology,hate,12/25/2020 22:21,negative,5,,,,,,
49367a0f-1fd5-4417-a7c9-4a154e1ae0ad,photo,technology,disgust,10/6/2020 11:27,negative,0,,,,,,
49367a0f-1fd5-4417-a7c9-4a154e1ae0ad,photo,technology,adore,11/4/2020 14:40,positive,72,,,,,,
49367a0f-1fd5-4417-a7c9-4a154e1ae0ad,photo,technology,peeking,11/22/2020 1:05,neutral,35,,,,,,
49367a0f-1fd5-4417-a7c9-4a154e1ae0ad,photo,technology,cherish,9/7/2020 23:56,positive,70,,,,,,
49367a0f-1fd5-4417-a7c9-4a154e1ae0ad,photo,technology,scared,6/5/2021 11:48,negative,15,,,,,,
49367a0f-1fd5-4417-a7c9-4a154e1ae0ad,photo,technology,hate,12/27/2020 22:57,negative,5,,,,,,
49367a0f-1fd5-4417-a7c9-4a154e1ae0ad,photo,technology,intrigued,9/25/2020 22:00,positive,45,,,,,,
49367a0f-1fd5-4417-a7c9-4a154e1ae0ad,photo,technology,adore,8/4/2020 11:20,positive,72,,,,,,
49367a0f-1fd5-4417-a7c9-4a154e1ae0ad,photo,technology,dislike,3/18/2021 18:58,negative,10,,,,,,
49367a0f-1fd5-4417-a7c9-4a154e1ae0ad,photo,technology,like,9/30/2020 9:07,positive,50,,,,,,
49367a0f-1fd5-4417-a7c9-4a154e1ae0ad,photo,technology,scared,8/21/2020 20:14,negative,15,,,,,,
457301ee-3e87-40d8-8b82-ea4e1fa90e39,GIF,healthy eating,intrigued,10/19/2020 3:36,positive,45,,,,,,
457301ee-3e87-40d8-8b82-ea4e1fa90e39,GIF,healthy eating,adore,10/27/2020 21:57,positive,72,,,,,,
457301ee-3e87-40d8-8b82-ea4e1fa90e39,GIF,healthy eating,disgust,6/30/2020 23:11,negative,0,,,,,,
457301ee-3e87-40d8-8b82-ea4e1fa90e39,GIF,healthy eating,scared,2/5/2021 2:00,negative,15,,,,,,
457301ee-3e87-40d8-8b82-ea4e1fa90e39,GIF,healthy eating,intrigued,3/12/2021 23:07,positive,45,,,,,,
457301ee-3e87-40d8-8b82-ea4e1fa90e39,GIF,healthy eating,heart,10/17/2020 4:55,positive,60,,,,,,
457301ee-3e87-40d8-8b82-ea4e1fa90e39,GIF,healthy eating,worried,5/22/2021 3:37,negative,12,,,,,,
457301ee-3e87-40d8-8b82-ea4e1fa90e39,GIF,healthy eating,indifferent,6/24/2020 2:58,neutral,20,,,,,,
457301ee-3e87-40d8-8b82-ea4e1fa90e39,GIF,healthy eating,super love,3/13/2021 21:26,positive,75,,,,,,
457301ee-3e87-40d8-8b82-ea4e1fa90e39,GIF,healthy eating,disgust,1/16/2021 1:40,negative,0,,,,,,
457301ee-3e87-40d8-8b82-ea4e1fa90e39,GIF,healthy eating,disgust,5/21/2021 14:58,negative,0,,,,,,
457301ee-3e87-40d8-8b82-ea4e1fa90e39,GIF,healthy eating,peeking,2/7/2021 13:05,neutral,35,,,,,,
457301ee-3e87-40d8-8b82-ea4e1fa90e39,GIF,healthy eating,interested,12/13/2020 0:37,positive,30,,,,,,
457301ee-3e87-40d8-8b82-ea4e1fa90e39,GIF,healthy eating,worried,3/11/2021 0:44,negative,12,,,,,,
457301ee-3e87-40d8-8b82-ea4e1fa90e39,GIF,healthy eating,peeking,12/12/2020 15:42,neutral,35,,,,,,
457301ee-3e87-40d8-8b82-ea4e1fa90e39,GIF,healthy eating,adore,12/23/2020 12:51,positive,72,,,,,,
457301ee-3e87-40d8-8b82-ea4e1fa90e39,GIF,healthy eating,love,2/3/2021 21:47,positive,65,,,,,,
457301ee-3e87-40d8-8b82-ea4e1fa90e39,GIF,healthy eating,cherish,9/1/2020 22:44,positive,70,,,,,,
457301ee-3e87-40d8-8b82-ea4e1fa90e39,GIF,healthy eating,disgust,10/1/2020 7:34,negative,0,,,,,,
457301ee-3e87-40d8-8b82-ea4e1fa90e39,GIF,healthy eating,dislike,9/21/2020 17:07,negative,10,,,,,,
457301ee-3e87-40d8-8b82-ea4e1fa90e39,GIF,healthy eating,want,4/16/2021 9:46,positive,70,,,,,,
457301ee-3e87-40d8-8b82-ea4e1fa90e39,GIF,healthy eating,super love,11/12/2020 16:56,positive,75,,,,,,
457301ee-3e87-40d8-8b82-ea4e1fa90e39,GIF,healthy eating,cherish,9/18/2020 23:23,positive,70,,,,,,
457301ee-3e87-40d8-8b82-ea4e1fa90e39,GIF,healthy eating,adore,7/25/2020 18:29,positive,72,,,,,,
457301ee-3e87-40d8-8b82-ea4e1fa90e39,GIF,healthy eating,super love,4/12/2021 23:07,positive,75,,,,,,
457301ee-3e87-40d8-8b82-ea4e1fa90e39,GIF,healthy eating,like,7/11/2020 0:31,positive,50,,,,,,
457301ee-3e87-40d8-8b82-ea4e1fa90e39,GIF,healthy eating,like,12/28/2020 0:27,positive,50,,,,,,
457301ee-3e87-40d8-8b82-ea4e1fa90e39,GIF,healthy eating,want,8/10/2020 5:25,positive,70,,,,,,
457301ee-3e87-40d8-8b82-ea4e1fa90e39,GIF,healthy eating,worried,3/8/2021 12:14,negative,12,,,,,,
457301ee-3e87-40d8-8b82-ea4e1fa90e39,GIF,healthy eating,adore,11/28/2020 6:12,positive,72,,,,,,
457301ee-3e87-40d8-8b82-ea4e1fa90e39,GIF,healthy eating,adore,4/20/2021 2:53,positive,72,,,,,,
457301ee-3e87-40d8-8b82-ea4e1fa90e39,GIF,healthy eating,indifferent,1/18/2021 8:31,neutral,20,,,,,,
457301ee-3e87-40d8-8b82-ea4e1fa90e39,GIF,healthy eating,scared,2/1/2021 7:58,negative,15,,,,,,
457301ee-3e87-40d8-8b82-ea4e1fa90e39,GIF,healthy eating,like,3/14/2021 7:00,positive,50,,,,,,
457301ee-3e87-40d8-8b82-ea4e1fa90e39,GIF,healthy eating,peeking,6/17/2021 13:42,neutral,35,,,,,,
457301ee-3e87-40d8-8b82-ea4e1fa90e39,GIF,healthy eating,interested,9/26/2020 9:33,positive,30,,,,,,
457301ee-3e87-40d8-8b82-ea4e1fa90e39,GIF,healthy eating,scared,2/17/2021 18:29,negative,15,,,,,,
457301ee-3e87-40d8-8b82-ea4e1fa90e39,GIF,healthy eating,disgust,7/7/2020 12:17,negative,0,,,,,,
457301ee-3e87-40d8-8b82-ea4e1fa90e39,GIF,healthy eating,heart,3/26/2021 14:57,positive,60,,,,,,
457301ee-3e87-40d8-8b82-ea4e1fa90e39,GIF,healthy eating,super love,6/24/2020 22:06,positive,75,,,,,,
457301ee-3e87-40d8-8b82-ea4e1fa90e39,GIF,healthy eating,hate,1/13/2021 14:21,negative,5,,,,,,
457301ee-3e87-40d8-8b82-ea4e1fa90e39,GIF,healthy eating,intrigued,1/26/2021 4:49,positive,45,,,,,,
457301ee-3e87-40d8-8b82-ea4e1fa90e39,GIF,healthy eating,worried,1/8/2021 12:59,negative,12,,,,,,
457301ee-3e87-40d8-8b82-ea4e1fa90e39,GIF,healthy eating,adore,5/13/2021 8:45,positive,72,,,,,,
457301ee-3e87-40d8-8b82-ea4e1fa90e39,GIF,healthy eating,dislike,4/5/2021 6:47,negative,10,,,,,,
457301ee-3e87-40d8-8b82-ea4e1fa90e39,GIF,healthy eating,interested,4/28/2021 7:56,positive,30,,,,,,
457301ee-3e87-40d8-8b82-ea4e1fa90e39,GIF,healthy eating,want,1/20/2021 9:12,positive,70,,,,,,
4fa14453-7b29-4302-b51f-9aa23b472c1b,audio,animals,cherish,4/18/2021 19:52,positive,70,,,,,,
4fa14453-7b29-4302-b51f-9aa23b472c1b,audio,animals,indifferent,5/25/2021 13:39,neutral,20,,,,,,
4fa14453-7b29-4302-b51f-9aa23b472c1b,audio,animals,dislike,4/13/2021 4:44,negative,10,,,,,,
4fa14453-7b29-4302-b51f-9aa23b472c1b,audio,animals,heart,9/7/2020 15:12,positive,60,,,,,,
4fa14453-7b29-4302-b51f-9aa23b472c1b,audio,animals,indifferent,4/30/2021 19:43,neutral,20,,,,,,
4fa14453-7b29-4302-b51f-9aa23b472c1b,audio,animals,heart,4/24/2021 12:10,positive,60,,,,,,
4fa14453-7b29-4302-b51f-9aa23b472c1b,audio,animals,interested,7/26/2020 2:20,positive,30,,,,,,
4fa14453-7b29-4302-b51f-9aa23b472c1b,audio,animals,adore,9/6/2020 9:22,positive,72,,,,,,
4fa14453-7b29-4302-b51f-9aa23b472c1b,audio,animals,disgust,9/8/2020 15:30,negative,0,,,,,,
4fa14453-7b29-4302-b51f-9aa23b472c1b,audio,animals,peeking,7/26/2020 6:28,neutral,35,,,,,,
4fa14453-7b29-4302-b51f-9aa23b472c1b,audio,animals,like,7/26/2020 17:43,positive,50,,,,,,
4fa14453-7b29-4302-b51f-9aa23b472c1b,audio,animals,dislike,12/7/2020 7:49,negative,10,,,,,,
4fa14453-7b29-4302-b51f-9aa23b472c1b,audio,animals,dislike,5/3/2021 2:36,negative,10,,,,,,
4fa14453-7b29-4302-b51f-9aa23b472c1b,audio,animals,love,2/19/2021 3:09,positive,65,,,,,,
